capsule_calcium_lactate_mol_m3,spore_density_rel,active_density_rel,lactate_mol_m3,oxygen_mol_m3,calcium_mol_m3,inorganic_carbon_mol_m3,hydrated_carbon_mol_m3,portlandite_mol_m3,calcite_mol_m3,csh_volume_fraction,biomass_carbon_mol_m3,ammonium_mol_m3,solid_fraction,healing_ratio,aperture_mm,porosity,permeability_ratio,transmissivity_ratio,sorptivity_ratio,x_mm,time_d
2.7373760506298046,0.0003421720063287256,0.0,0.0,0.02,0.0,0.0,0.0,5000.0,0.0,0.0,0.0,0.0,0.0,0.0,0.3,0.18,1.0,1.0,1.0,0.0,0.0
90.6494450975062,0.011331180637188276,0.0,0.0,0.02,0.0,0.0,0.0,5000.0,0.0,0.0,0.0,0.0,0.0,0.0,0.3,0.18,1.0,1.0,1.0,2.0,0.0
1104.3363174415936,0.1380420396801992,0.0,0.0,0.02,0.0,0.0,0.0,5000.0,0.0,0.0,0.0,0.0,0.0,0.0,0.3,0.18,1.0,1.0,1.0,4.0,0.0
4949.2920040417575,0.6186615005052197,0.0,0.0,0.02,0.0,0.0,0.0,5000.0,0.0,0.0,0.0,0.0,0.0,0.0,0.3,0.18,1.0,1.0,1.0,6.0,0.0
8160.003125938339,1.0200003907422923,0.0,0.0,0.02,0.0,0.0,0.0,5000.0,0.0,0.0,0.0,0.0,0.0,0.0,0.3,0.18,1.0,1.0,1.0,8.0,0.0
4949.322413355985,0.6186653016694982,0.0,0.0,0.02,0.0,0.0,0.0,5000.0,0.0,0.0,0.0,0.0,0.0,0.0,0.3,0.18,1.0,1.0,1.0,10.0,0.0
1107.0736934921204,0.13838421168651505,0.0,0.0,0.02,0.0,0.0,0.0,5000.0,0.0,0.0,0.0,0.0,0.0,0.0,0.3,0.18,1.0,1.0,1.0,12.0,0.0
181.2988901950124,0.02266236127437655,0.0,0.0,0.02,0.0,0.0,0.0,5000.0,0.0,0.0,0.0,0.0,0.0,0.0,0.3,0.18,1.0,1.0,1.0,14.0,0.0
1107.0736934922236,0.13838421168652795,0.0,0.0,0.02,0.0,0.0,0.0,5000.0,0.0,0.0,0.0,0.0,0.0,0.0,0.3,0.18,1.0,1.0,1.0,16.0,0.0
4949.322413542827,0.6186653016928534,0.0,0.0,0.02,0.0,0.0,0.0,5000.0,0.0,0.0,0.0,0.0,0.0,0.0,0.3,0.18,1.0,1.0,1.0,18.0,0.0
8160.00325021502,1.0200004062768775,0.0,0.0,0.02,0.0,0.0,0.0,5000.0,0.0,0.0,0.0,0.0,0.0,0.0,0.3,0.18,1.0,1.0,1.0,20.0,0.0
4949.322413542827,0.6186653016928534,0.0,0.0,0.02,0.0,0.0,0.0,5000.0,0.0,0.0,0.0,0.0,0.0,0.0,0.3,0.18,1.0,1.0,1.0,22.0,0.0
1107.0736934922236,0.13838421168652795,0.0,0.0,0.02,0.0,0.0,0.0,5000.0,0.0,0.0,0.0,0.0,0.0,0.0,0.3,0.18,1.0,1.0,1.0,24.0,0.0
181.29889019501243,0.022662361274376555,0.0,0.0,0.02,0.0,0.0,0.0,5000.0,0.0,0.0,0.0,0.0,0.0,0.0,0.3,0.18,1.0,1.0,1.0,26.0,0.0
1107.0736934922236,0.13838421168652795,0.0,0.0,0.02,0.0,0.0,0.0,5000.0,0.0,0.0,0.0,0.0,0.0,0.0,0.3,0.18,1.0,1.0,1.0,28.0,0.0
4949.322413542827,0.6186653016928534,0.0,0.0,0.02,0.0,0.0,0.0,5000.0,0.0,0.0,0.0,0.0,0.0,0.0,0.3,0.18,1.0,1.0,1.0,30.0,0.0
8160.00325021502,1.0200004062768775,0.0,0.0,0.02,0.0,0.0,0.0,5000.0,0.0,0.0,0.0,0.0,0.0,0.0,0.3,0.18,1.0,1.0,1.0,32.0,0.0
4949.322413542827,0.6186653016928534,0.0,0.0,0.02,0.0,0.0,0.0,5000.0,0.0,0.0,0.0,0.0,0.0,0.0,0.3,0.18,1.0,1.0,1.0,34.0,0.0
1107.0736934922236,0.13838421168652795,0.0,0.0,0.02,0.0,0.0,0.0,5000.0,0.0,0.0,0.0,0.0,0.0,0.0,0.3,0.18,1.0,1.0,1.0,36.0,0.0
181.2988901950115,0.022662361274376437,0.0,0.0,0.02,0.0,0.0,0.0,5000.0,0.0,0.0,0.0,0.0,0.0,0.0,0.3,0.18,1.0,1.0,1.0,38.0,0.0
1107.0736934922156,0.13838421168652695,0.0,0.0,0.02,0.0,0.0,0.0,5000.0,0.0,0.0,0.0,0.0,0.0,0.0,0.3,0.18,1.0,1.0,1.0,40.0,0.0
4949.32241354281,0.6186653016928513,0.0,0.0,0.02,0.0,0.0,0.0,5000.0,0.0,0.0,0.0,0.0,0.0,0.0,0.3,0.18,1.0,1.0,1.0,42.0,0.0
8160.00325021502,1.0200004062768775,0.0,0.0,0.02,0.0,0.0,0.0,5000.0,0.0,0.0,0.0,0.0,0.0,0.0,0.3,0.18,1.0,1.0,1.0,44.0,0.0
4949.3224135428445,0.6186653016928556,0.0,0.0,0.02,0.0,0.0,0.0,5000.0,0.0,0.0,0.0,0.0,0.0,0.0,0.3,0.18,1.0,1.0,1.0,46.0,0.0
1107.073693492231,0.1383842116865289,0.0,0.0,0.02,0.0,0.0,0.0,5000.0,0.0,0.0,0.0,0.0,0.0,0.0,0.3,0.18,1.0,1.0,1.0,48.0,0.0
181.29889019501243,0.022662361274376555,0.0,0.0,0.02,0.0,0.0,0.0,5000.0,0.0,0.0,0.0,0.0,0.0,0.0,0.3,0.18,1.0,1.0,1.0,50.0,0.0
1107.0736934922156,0.13838421168652695,0.0,0.0,0.02,0.0,0.0,0.0,5000.0,0.0,0.0,0.0,0.0,0.0,0.0,0.3,0.18,1.0,1.0,1.0,52.0,0.0
4949.32241354281,0.6186653016928513,0.0,0.0,0.02,0.0,0.0,0.0,5000.0,0.0,0.0,0.0,0.0,0.0,0.0,0.3,0.18,1.0,1.0,1.0,54.0,0.0
8160.00325021502,1.0200004062768775,0.0,0.0,0.02,0.0,0.0,0.0,5000.0,0.0,0.0,0.0,0.0,0.0,0.0,0.3,0.18,1.0,1.0,1.0,56.0,0.0
4949.3224135428445,0.6186653016928556,0.0,0.0,0.02,0.0,0.0,0.0,5000.0,0.0,0.0,0.0,0.0,0.0,0.0,0.3,0.18,1.0,1.0,1.0,58.0,0.0
1107.073693492231,0.1383842116865289,0.0,0.0,0.02,0.0,0.0,0.0,5000.0,0.0,0.0,0.0,0.0,0.0,0.0,0.3,0.18,1.0,1.0,1.0,60.0,0.0
181.2988901950134,0.022662361274376677,0.0,0.0,0.02,0.0,0.0,0.0,5000.0,0.0,0.0,0.0,0.0,0.0,0.0,0.3,0.18,1.0,1.0,1.0,62.0,0.0
1107.0736934922236,0.13838421168652795,0.0,0.0,0.02,0.0,0.0,0.0,5000.0,0.0,0.0,0.0,0.0,0.0,0.0,0.3,0.18,1.0,1.0,1.0,64.0,0.0
4949.322413542827,0.6186653016928534,0.0,0.0,0.02,0.0,0.0,0.0,5000.0,0.0,0.0,0.0,0.0,0.0,0.0,0.3,0.18,1.0,1.0,1.0,66.0,0.0
8160.00325021502,1.0200004062768775,0.0,0.0,0.02,0.0,0.0,0.0,5000.0,0.0,0.0,0.0,0.0,0.0,0.0,0.3,0.18,1.0,1.0,1.0,68.0,0.0
4949.322413542827,0.6186653016928534,0.0,0.0,0.02,0.0,0.0,0.0,5000.0,0.0,0.0,0.0,0.0,0.0,0.0,0.3,0.18,1.0,1.0,1.0,70.0,0.0
1107.0736934922236,0.13838421168652795,0.0,0.0,0.02,0.0,0.0,0.0,5000.0,0.0,0.0,0.0,0.0,0.0,0.0,0.3,0.18,1.0,1.0,1.0,72.0,0.0
181.29889019501243,0.022662361274376555,0.0,0.0,0.02,0.0,0.0,0.0,5000.0,0.0,0.0,0.0,0.0,0.0,0.0,0.3,0.18,1.0,1.0,1.0,74.0,0.0
1107.0736934922236,0.13838421168652795,0.0,0.0,0.02,0.0,0.0,0.0,5000.0,0.0,0.0,0.0,0.0,0.0,0.0,0.3,0.18,1.0,1.0,1.0,76.0,0.0
4949.322413542827,0.6186653016928534,0.0,0.0,0.02,0.0,0.0,0.0,5000.0,0.0,0.0,0.0,0.0,0.0,0.0,0.3,0.18,1.0,1.0,1.0,78.0,0.0
8160.00325021502,1.0200004062768775,0.0,0.0,0.02,0.0,0.0,0.0,5000.0,0.0,0.0,0.0,0.0,0.0,0.0,0.3,0.18,1.0,1.0,1.0,80.0,0.0
4949.322413542827,0.6186653016928534,0.0,0.0,0.02,0.0,0.0,0.0,5000.0,0.0,0.0,0.0,0.0,0.0,0.0,0.3,0.18,1.0,1.0,1.0,82.0,0.0
1107.0736934922236,0.13838421168652795,0.0,0.0,0.02,0.0,0.0,0.0,5000.0,0.0,0.0,0.0,0.0,0.0,0.0,0.3,0.18,1.0,1.0,1.0,84.0,0.0
181.2988901950124,0.02266236127437655,0.0,0.0,0.02,0.0,0.0,0.0,5000.0,0.0,0.0,0.0,0.0,0.0,0.0,0.3,0.18,1.0,1.0,1.0,86.0,0.0
1107.0736934921204,0.13838421168651505,0.0,0.0,0.02,0.0,0.0,0.0,5000.0,0.0,0.0,0.0,0.0,0.0,0.0,0.3,0.18,1.0,1.0,1.0,88.0,0.0
4949.322413355985,0.6186653016694982,0.0,0.0,0.02,0.0,0.0,0.0,5000.0,0.0,0.0,0.0,0.0,0.0,0.0,0.3,0.18,1.0,1.0,1.0,90.0,0.0
8160.003125938339,1.0200003907422923,0.0,0.0,0.02,0.0,0.0,0.0,5000.0,0.0,0.0,0.0,0.0,0.0,0.0,0.3,0.18,1.0,1.0,1.0,92.0,0.0
4949.2920040417575,0.6186615005052197,0.0,0.0,0.02,0.0,0.0,0.0,5000.0,0.0,0.0,0.0,0.0,0.0,0.0,0.3,0.18,1.0,1.0,1.0,94.0,0.0
1104.3363174415936,0.1380420396801992,0.0,0.0,0.02,0.0,0.0,0.0,5000.0,0.0,0.0,0.0,0.0,0.0,0.0,0.3,0.18,1.0,1.0,1.0,96.0,0.0
90.6494450975062,0.011331180637188276,0.0,0.0,0.02,0.0,0.0,0.0,5000.0,0.0,0.0,0.0,0.0,0.0,0.0,0.3,0.18,1.0,1.0,1.0,98.0,0.0
2.7373760506298046,0.0003421720063287256,0.0,0.0,0.02,0.0,0.0,0.0,5000.0,0.0,0.0,0.0,0.0,0.0,0.0,0.3,0.18,1.0,1.0,1.0,100.0,0.0
1.8475858044438527,5.892889805446011e-05,0.00031198668287756563,131.78240521020376,0.2234695630092101,62.69024850665525,0.005822762574879949,0.005822762555229802,4999.997971230408,0.18442498589772635,3.8928323270635295e-06,0.004975664725786866,0.0,1.070409620936875e-05,1.070409620936875e-05,0.29999678877113717,0.1799980732626823,0.9999631888632602,0.9999678880551036,0.9999815942622445,0.0,7.0
61.183638946622764,0.004113458154116802,0.007250455082915921,396.38770206712155,0.16169152956558314,188.51112618475005,0.0015088796252581858,0.0015088795743115316,4999.992979581072,1.0865663303072313,0.00012891290191011727,0.08742315981318897,0.0,0.00016904244273846666,0.00016904244273846666,0.29994928726717845,0.17996957236030706,0.9994187863955721,0.9994929583929963,0.9997093509593536,2.0,7.0
745.3693119611565,0.08859730270665542,0.03860341217728784,663.4028572248892,0.08417467213528519,315.2983161088372,0.0006065086291519092,0.0006065085231536687,4999.9924318594885,1.1841101177642592,0.0015704806489768993,0.09767835577192595,0.0,0.0016142127194365523,0.0016142127194365523,0.29951573618416905,0.1797094417105014,0.9944602969378196,0.995165174683675,0.9972263017679686,4.0,7.0
3340.513498907529,0.44031051986271635,0.12576473094014579,925.4672871007509,0.031192948987701904,439.80299388695937,0.0002714755795740897,0.0002714755059959837,4999.99292771405,1.1110148095855636,0.007038405959962265,0.09243416962644811,0.0,0.007079438442672785,0.007079438442672785,0.29787616846719817,0.1787257010803189,0.9758762600297931,0.9789116852075003,0.9878644947713189,6.0,7.0
5507.5757443820985,0.7398325780585197,0.19260311050021287,1146.239807142161,0.014066224111867746,545.9241984380353,0.0001465908404730045,0.00014659079176705856,4999.994070539795,0.9317379765395806,0.011604369794308601,0.07767940521376053,0.0,0.011638781146959569,0.011638781146959569,0.2965083656559121,0.17790501939354728,0.9605739405856485,0.9654884636353115,0.9800887411789039,8.0,7.0
3340.5340236057327,0.4452565773351426,0.12048014764268701,1293.7293424060404,0.016788870570682773,619.3777858535827,0.00013372821548348978,0.00013372816633423838,4999.9951990652235,0.7539334815775766,0.007038449205157409,0.06289976904152934,0.0,0.007066293804780031,0.007066293804780031,0.29788011185856594,0.17872806711513958,0.9759206406533629,0.9789505632722932,0.9878869574264876,10.0,7.0
747.2168977655333,0.09469050646388252,0.03221954812913675,1401.8718080581457,0.031004816954702932,675.0355422915158,0.0001168054725013453,0.00011680542852501848,4999.996469473513,0.5493596835399428,0.0015743734813038232,0.04564517481838449,0.0,0.0015946626723409058,0.0015946626723409058,0.29952160119829774,0.17971296071897863,0.994527250553581,0.9952236367749472,0.9972598711236611,12.0,7.0
122.36727789324553,0.01384378566216159,0.007207101507472399,1512.3317313780467,0.03630388997984441,731.2673193491934,6.560279894724857e-05,6.560277412213286e-05,4999.997493820108,0.3707754940060077,0.00025782580382023454,0.03054502477931373,0.0,0.00027151944580954446,0.00027151944580954446,0.29991854416625713,0.17995112649975428,0.9990665668714293,0.9991856628109826,0.9995331744726782,14.0,7.0
747.2168977656031,0.09589340298068343,0.030894818966646982,1637.368575618022,0.023959095404011758,793.486660425645,7.514671035326685e-05,7.514668183240082e-05,4999.997294593041,0.4196496877012481,0.0015743734813039672,0.03512420586581952,0.0,0.0015898721662958438,0.0015898721662958438,0.29952303835011124,0.17971382301006675,0.9945436572578568,0.9952379625629185,0.9972680969818781,16.0,7.0
3340.534023731837,0.44961956388500895,0.11581070700131316,1770.167254002725,0.010097913191961079,858.7005207003755,6.709480357412661e-05,6.709477809476451e-05,4999.997249408939,0.4316147376636321,0.007038449205423131,0.03642967624511776,0.0,0.007054389788850093,0.007054389788850093,0.29788368306334495,0.17873020983800697,0.9759608338416861,0.9789857728217457,0.9879073002269424,18.0,7.0
5507.575828262335,0.7478592915563629,0.18406224308540461,1873.9670537914844,0.004857706100924413,910.6624444089464,4.711736972032535e-05,4.711735182498017e-05,4999.997502017024,0.3922973348931356,0.011604369971042946,0.0332229058612196,0.0,0.011618858467031033,0.011618858467031033,0.29651434245989067,0.1779086054759344,0.9606404102998772,0.9655468496939685,0.9801226506411722,20.0,7.0
3340.534023731837,0.45083214576669894,0.11451155025899262,1917.2073060308128,0.005937760207830246,935.365911357847,4.534359880445369e-05,4.534358158189278e-05,4999.997824942458,0.3411408701403185,0.007038449205423131,0.028954330166205515,0.0,0.007051048368580197,0.007051048368580197,0.2978846854894259,0.17873081129365556,0.975972116168999,0.9789956561845798,0.9879130104260188,22.0,7.0
747.2168977656031,0.0973960628882921,0.029243784456694632,1933.802702306868,0.010262178519645483,947.7565149179395,3.223207918919673e-05,3.223206694655961e-05,4999.99828409338,0.2630471251549878,0.0015743734813039672,0.022309965477000013,0.0,0.0015840884522673158,0.0015840884522673158,0.29952477346431977,0.17971486407859188,0.9945634658100339,0.9952552586768614,0.9972780283401584,24.0,7.0
122.36727789324553,0.014953568263063563,0.005907531134377363,1964.2423294190912,0.01127449824963508,965.7512198162376,1.6165035441430645e-05,1.6165029301483845e-05,4999.998770276342,0.16791231177497135,0.0002578258038202346,0.014157275347229631,0.0,0.00026402721443181775,0.00026402721443181775,0.29992079183567044,0.17995247510140228,0.9990923149403557,0.9992081274694089,0.9995460544368907,26.0,7.0
747.2168977656031,0.09772828478294596,0.028880403380640268,2019.4605005978613,0.007658730955379246,994.2262864711332,2.058481166132503e-05,2.0584803842602644e-05,4999.998493300765,0.2297360619794094,0.0015743734813039672,0.019616334115676315,0.0,0.001582858193577667,0.001582858193577667,0.2995251425419267,0.17971508552515603,0.9945676793422612,0.9952589377736938,0.9972801408542442,28.0,7.0
3340.534023731837,0.4519517441800269,0.11331217402658464,2091.4265321515113,0.003299075479410461,1029.672739056123,2.1134112815447384e-05,2.1134104788081022e-05,4999.998359135841,0.2571668356882692,0.007038449205423131,0.022065365125901442,0.0,0.007047947002975474,0.007047947002975474,0.29788561589910734,0.17873136953946442,0.9759825880381465,0.9790048295653468,0.9879183104073669,30.0,7.0
5507.575828262335,0.7498960285227319,0.1818891879728076,2142.4159670802037,0.0016053764801304674,1055.4490211104423,1.53647527209019e-05,1.5364746884910114e-05,4999.998411119671,0.24938820284698993,0.011604369971042946,0.021444188853587152,0.0,0.011613580484740187,0.011613580484740187,0.2965159258545779,0.17790955551274676,0.9606580202571083,0.9655623179162154,0.9801316341477344,32.0,7.0
3340.534023731837,0.4522608187555311,0.11298020384845346,2140.4075583499566,0.001996445606028847,1057.4065667696877,1.4962619564300234e-05,1.4962613881050462e-05,4999.998511333411,0.23324184579343746,0.007038449205423131,0.02008890535188343,0.0,0.007047063394831155,0.007047063394831155,0.2978858809815506,0.17873152858893038,0.975985571587371,0.9790074431580412,0.9879198204243961,34.0,7.0
747.2168977656031,0.09812983605042178,0.02844016942644986,2118.7190785910593,0.0034899187337776613,1050.2777579943604,1.0651863210974903e-05,1.0651859165079112e-05,4999.9987477696295,0.1888374863884884,0.0015743734813039672,0.016274293883154895,0.0,0.0015813477095757073,0.0015813477095757073,0.2995255956871273,0.17971535741227637,0.9945728526409591,0.9952634548985947,0.9972827345547295,36.0,7.0
122.36727789324502,0.015291763955769281,0.00552019823520478,2116.843680893648,0.003928275415733199,1051.5567555110931,6.5555476742634e-06,6.555545184270591e-06,4999.999089800328,0.11535571783575624,0.00025782580382023346,0.009918413887483109,0.0,0.00026208617142003254,0.00026208617142003254,0.299921374148574,0.17995282448914438,0.9990989856794852,0.9992139475352213,0.9995493913156493,38.0,7.0
747.2168977655977,0.09821787109862548,0.02834386214064365,2144.7655109864263,0.0027519457305593886,1065.7009416639194,7.539039093753767e-06,7.539036230201539e-06,4999.9988010732495,0.17998645368770608,0.0015743734813039563,0.015558934885479232,0.0,0.001581020819382036,0.001581020819382036,0.29952569375418536,0.17971541625251122,0.9945739722189526,0.9952644324703858,0.997283295868808,40.0,7.0
3340.5340237318264,0.4525485984735945,0.11267125133418833,2193.6411173228735,0.001222789758179466,1088.8357830616262,7.999098807700107e-06,7.99909576940346e-06,4999.998653143187,0.21094987508100616,0.007038449205423104,0.018260507466984325,0.0,0.007046240098062309,0.007046240098062309,0.2978861279705813,0.17873167678234878,0.9759883514982618,0.9790098783620773,0.9879212273750685,42.0,7.0
5507.575828262335,0.7504180862822704,0.1813307173113298,2225.0996630578006,0.0006352125645800123,1104.0303891036797,6.1125800317059255e-06,6.112577709965456e-06,4999.998653882228,0.21122682213786698,0.011604369971042946,0.01829830419052964,0.0,0.011612171092011445,0.011612171092011445,0.29651634867239657,0.17790980920343794,0.9606627227288964,0.9655664484619929,0.9801340330428775,44.0,7.0
3340.5340237318474,0.45262841874002757,0.112585379799504,2206.7107285015786,0.000870170792731327,1096.9687347504039,6.3813997156228965e-06,6.38139729177668e-06,4999.998693317699,0.20462399371224557,0.007038449205423157,0.017738113520736457,0.0,0.007046006467857208,0.007046006467857208,0.29788619805964284,0.1787317188357857,0.9759891403657415,0.9790105694103669,0.9879216266312533,46.0,7.0
747.2168977656078,0.09832305702496126,0.028228467759610222,2171.3732485189475,0.0016281986002893098,1082.2037213152514,5.101045449979009e-06,5.101043512449587e-06,4999.998864688861,0.169183033653686,0.0015743734813039767,0.014676837932506227,0.0,0.0015806218227692877,0.0015806218227692877,0.2995258134531692,0.17971548807190152,0.9945753387581062,0.9952656256787612,0.9972839809994475,48.0,7.0
122.36727789324553,0.015383858749303004,0.005415283009763198,2158.059464053217,0.0019574384008472856,1076.984702724148,4.568281516722937e-06,4.568279781553169e-06,4999.999172404699,0.10163013384993033,0.0002578258038202346,0.008812810876290622,0.0,0.0002615792521758156,0.0002615792521758156,0.29992152622434726,0.17995291573460834,0.9991007278030541,0.9992154674966898,0.9995502627697389,50.0,7.0
747.2168977655977,0.0983456045377984,0.02820378160086361,2176.28399576452,0.0014355913154444977,1085.5418410193329,4.491731591925732e-06,4.491729885831911e-06,4999.998877209565,0.16688833702022662,0.0015743734813039563,0.014491880047945395,0.0,0.0015805370740340338,0.0015805370740340338,0.2995258388777898,0.17971550332667388,0.9945756290175573,0.9952658791218895,0.9972841265244109,52.0,7.0
3340.5340237318264,0.45270151652258295,0.11250681158320447,2216.8062207946323,0.0006672477506185216,1103.8055656872314,4.765220053691051e-06,4.765218243718144e-06,4999.998729710927,0.19885310746162096,0.007038449205423104,0.017265697711609334,0.0,0.007045793334973363,0.007045793334973363,0.29788626199950796,0.1787317571997048,0.9759898600231104,0.9790111998304836,0.987921990859152,54.0,7.0
5507.575828262335,0.7505504833865552,0.1811889019735239,2240.9315331451476,0.0003799803934550275,1114.6864432225616,4.407056538047148e-06,4.4070548641154416e-06,4999.998716684581,0.2013388804316363,0.011604369971042946,0.017484627001202475,0.0,0.0116118059062429,0.0116118059062429,0.2965164582281271,0.17790987493687627,0.9606639411825793,0.9655675187238238,0.9801346546177108,56.0,7.0
3340.5340237318474,0.4527198529397888,0.11248705462390866,2216.0048825964586,0.0005826422328206926,1103.7647249098425,4.484585882259274e-06,4.4845841788796075e-06,4999.998739097787,0.1973574763573291,0.007038449205423157,0.017143100871215365,0.0,0.007045738097674238,0.007045738097674238,0.2978862785706977,0.17873176714241862,0.9759900465355928,0.9790113632154728,0.9879220852555088,58.0,7.0
747.2168977656078,0.09836975261163114,0.02817723879997935,2174.7118764488346,0.0011659919267620205,1085.4929242765802,4.385381490981641e-06,4.385379825282765e-06,4999.998890757043,0.16433099717163183,0.0015743734813039767,0.014285007217254904,0.0,0.0015804426252452378,0.0015804426252452378,0.2995258672124264,0.17971552032745586,0.9945759524991982,0.9952661615733115,0.9972842887056821,60.0,7.0
122.3672778932463,0.0154052885209292,0.005390845288447073,2155.7740715219297,0.0014848848338587918,1076.9950906698612,4.375545038152337e-06,4.375543376189641e-06,4999.999191876163,0.09837639989119645,0.00025782580382023595,0.008553506841295825,0.0,0.000261459083856498,0.000261459083856498,0.299921562274843,0.17995293736490584,0.9991011407844792,0.9992158278131144,0.9995504693533385,62.0,7.0
747.2168977656031,0.09837248786696533,0.028174198907596804,2168.4671128815626,0.0011341903648563435,1082.3813505596156,4.351667762345387e-06,4.351666109451994e-06,4999.998892429186,0.16398271769368472,0.0015743734813039672,0.014258721855725427,0.0,0.0015804297624358993,0.0015804297624358993,0.2995258710712692,0.17971552264276153,0.9945759965535823,0.9952662000398629,0.9972843107928563,64.0,7.0
3340.534023731837,0.4527290761138119,0.11247704644859287,2203.328115526626,0.0005493249881704826,1097.4721073666242,4.30749033006441e-06,4.307488693950924e-06,4999.998744530042,0.19648638740904026,0.007038449205423131,0.01707548095663771,0.0,0.00704570592623788,0.00704570592623788,0.29788628822212865,0.1787317729332772,0.9759901551646398,0.9790114583745472,0.987922140234057,66.0,7.0
5507.575828262335,0.7505674313669135,0.18117060110739272,2221.4624195837305,0.0003380743731354094,1105.0821589656841,4.2883414394564815e-06,4.288339810616317e-06,4999.998726018208,0.19985130182393318,0.011604369971042946,0.01736803911787399,0.0,0.011611750966342031,0.011611750966342031,0.2965164747100974,0.17790988482605843,0.9606641244913691,0.9655676797380498,0.9801347481297503,68.0,7.0
3340.534023731837,0.4527231065074734,0.11248336294296196,2190.081948307579,0.0005616106547818847,1090.7340025378717,4.3321840103188605e-06,4.332182364825977e-06,4999.998742525509,0.19680688452946027,0.007038449205423131,0.017105626077613446,0.0,0.007045717762977084,0.007045717762977084,0.29788628467110684,0.1787317708026641,0.975990115197082,0.9790114233629561,0.9879221200059659,70.0,7.0
747.2168977656031,0.09836401341946575,0.028183265289366908,2141.758932433373,0.0011726686072479153,1068.8323259377098,4.402965414910375e-06,4.4029637425326e-06,4999.998889331232,0.16452109644526283,0.0015743734813039672,0.01431017583900432,0.0,0.001580449646074376,0.001580449646074376,0.2995258651061777,0.1797155190637066,0.9945759284532615,0.9952661405773476,0.9972842766499738,72.0,7.0
122.36727789324553,0.015398294018953776,0.005398515305989597,2115.0515891461814,0.001551775060005567,1056.4277532017636,4.460552120540847e-06,4.460550426289921e-06,4999.999187806775,0.09896552692094604,0.0002578258038202346,0.008612080274867637,0.0,0.00026148084175247965,0.00026148084175247965,0.29992155574747426,0.17995293344848454,0.9991010660092958,0.9992157625735564,0.9995504319489317,74.0,7.0
747.2168977656031,0.0983518095281303,0.028196376291804257,2119.0575784967073,0.0012366595054911361,1057.5518991898748,4.529689073328187e-06,4.529687352816982e-06,4999.998884563572,0.16540882630956685,0.0015743734813039672,0.014388875082410468,0.0,0.0015804824321002636,0.0015804824321002636,0.2995258552703699,0.17971551316222195,0.9945758161630112,0.9952660425299276,0.9972842203519572,76.0,7.0
3340.534023731837,0.4526857343939104,0.11252303728893663,2144.1348954289533,0.0006300238757917689,1067.9489943604501,4.796259970653042e-06,4.796258148890248e-06,4999.998728329637,0.1990639562648775,0.007038449205423131,0.017305163667777155,0.0,0.0070458011221332,0.0070458011221332,0.29788625966336,0.178731755798016,0.9759898337292395,0.9790111767970449,0.9879219775514864,78.0,7.0
5507.575828262335,0.7505012483234793,0.18124074351508207,2151.2358861843627,0.0004242802030764674,1070.3728178531835,4.675998791012974e-06,4.675997014928968e-06,4999.998701448619,0.2037413153672103,0.011604369971042946,0.01771133240291576,0.0,0.011611894634016018,0.011611894634016018,0.2965164316097952,0.1779098589658771,0.9606636451394955,0.9655672586863753,0.9801345035960602,80.0,7.0
3340.534023731837,0.45264137992640935,0.11257017754257177,2107.551727169357,0.0007634636047864367,1050.3476180794812,5.2788852035134224e-06,5.278883198435149e-06,4999.998710924211,0.20181759587389042,0.007038449205423131,0.017546393187120844,0.0,0.007045902820750242,0.007045902820750242,0.29788622915377494,0.17873173749226495,0.9759894903370471,0.9790108759853678,0.9879218037562726,82.0,7.0
747.2168977656031,0.09828970884899339,0.028263181554845522,2045.6908462576807,0.0016588423655471206,1022.3039383464661,4.882729736431531e-06,4.882727881824937e-06,4999.998858157473,0.17005919057427352,0.0015743734813039672,0.014796464244179209,0.0,0.0015806541813781696,0.0015806541813781696,0.2995258037455865,0.17971548224735193,0.9945752279317842,0.9952655289095754,0.9972839254353718,84.0,7.0
122.36727789324553,0.015347160582414022,0.005455183812568113,2004.165547776242,0.002289665415813662,1003.2785388431128,5.021796196615947e-06,5.021794289187758e-06,4999.999152739978,0.10439554482962853,0.00025782580382023454,0.009090170282954457,0.0,0.0002616813855382451,0.0002616813855382451,0.2999214955843385,0.1799528973506031,0.999100376802311,0.9992151612569086,0.9995500871903874,86.0,7.0
747.2168977655333,0.09823193240797663,0.028324840825639724,1992.0193699436381,0.0019479058909614253,997.2846502246125,6.041199800474218e-06,6.0411975058460915e-06,4999.998835401454,0.17390454742330502,0.0015743734813038232,0.01513305739493592,0.0,0.0015807961997715359,0.0015807961997715359,0.2995257611400685,0.17971545668404112,0.9945747415272956,0.995265104200283,0.9972836815707432,88.0,7.0
3340.5340236057327,0.45246648888239666,0.11275499609959166,1999.5864733780277,0.001074302498724171,1000.0607741239718,7.86265517647399e-06,7.862652190002708e-06,4999.998648573067,0.21164675132266134,0.007038449205157409,0.018406263547819667,0.0,0.007046265835133407,0.007046265835133407,0.29788612024945993,0.17873167214967597,0.9759882645954081,0.9790098022351299,0.9879211833923839,90.0,7.0
5507.5757443820985,0.750192371641747,0.1815666942664654,1987.8833046982102,0.0008221686978056023,994.3917449572424,7.730799098149927e-06,7.730796161761522e-06,4999.998593761747,0.22067753931201597,0.011604369794308601,0.0191919652315628,0.0,0.011612519953278848,0.011612519953278848,0.29651624401401633,0.1779097464084098,0.9606615587435072,0.9655654260436478,0.9801334392538127,92.0,7.0
3340.513498907529,0.45226244531717963,0.11296639132014163,1924.4219706840474,0.0016319155272731633,965.939180560875,1.0138641856935422e-05,1.013863800597642e-05,4999.998580309564,0.2223632908073833,0.007038405959962265,0.01934303354182509,0.0,0.007046618377840756,0.007046618377840756,0.29788601448664775,0.17873160869198865,0.9759870742131734,0.979008759459525,0.9879205809239796,94.0,7.0
745.3693119611565,0.0976832877538965,0.028579415298347226,1842.2257348432918,0.003754482577594292,929.3050407585469,9.1491340057095e-06,9.149130530595135e-06,4999.99871945608,0.19213333940266528,0.0015704806489768993,0.016727570526765264,0.0,0.0015775766011272537,0.0015775766011272537,0.2995267270196618,0.17971603621179708,0.9945857685038412,0.995274732514225,0.9972892100608736,96.0,7.0
61.183638946622764,0.007377054439784056,0.0030644715037146256,1780.1455350632884,0.005830068440389043,901.6612270339244,6.096873585875279e-06,6.096871270100587e-06,4999.999303101683,0.09198381306349343,0.00012891290191011727,0.008004376379359725,0.0,0.0001323100881461706,0.0001323100881461706,0.29996030697355613,0.1799761841841337,0.9995450604784348,0.9996031222511235,0.9997725043620848,98.0,7.0
1.8475858044438527,0.00020919952373974054,0.00010897421812574298,1748.55447205542,0.006928819382042091,887.5955427604092,5.447936535603591e-06,5.447934466314573e-06,4999.999831726541,0.0064428432576207235,3.8928323270635295e-06,0.0004859988147937117,0.0,4.130782219624843e-06,4.130782219624843e-06,0.2999987607653341,0.17999925645920045,0.9999857942153261,0.9999876077045312,0.9999928970824373,100.0,7.0
1.2470238802263154,8.392745545628468e-06,0.0005269033387717377,158.70965489716073,0.22173496239912055,75.09766759363856,0.005822219264989417,0.005822219245561028,4999.9955984512935,0.5123629142374541,6.52029074551525e-06,0.021964014481204067,0.0,2.5443100989423977e-05,2.5443100989423977e-05,0.29999236706970317,0.17999542024182189,0.9999125034433302,0.9999236726390694,0.9999562507646673,0.0,14.0
41.29575939697716,0.0021925153220072316,0.009512078788657893,476.37189976807053,0.15418200124715786,225.40299601788354,0.0015293688061734211,0.0015293687474903863,4999.984011061235,2.4964673481876534,0.00021592237493981757,0.20273923395404683,0.0,0.00030812299406576696,0.00030812299406576696,0.29990756310178024,0.17994453786106815,0.9989407810126831,0.9990759158078879,0.9994702501889103,2.0,14.0
503.08533945637987,0.06289231100493453,0.05456197308508634,794.5877841854887,0.06893535328528064,375.9294750217998,0.000590066615619095,0.0005900665158743717,4999.98388633848,2.527526951085441,0.0026304730286853127,0.20916819308063594,0.0,0.0027238207545895905,0.0027238207545895905,0.29918285377362314,0.17950971226417387,0.9906657593252728,0.9918507751261711,0.9953219375283923,4.0,14.0
2254.672067373881,0.32447514487247137,0.19359439940809967,1108.8287556352698,0.02095509848563197,524.7739866410415,0.00021606111614522907,0.00021606106355762447,4999.985713471575,2.24510769903655,0.011788962222921914,0.18682842093344515,0.0,0.011871879518037302,0.011871879518037302,0.2964384361445888,0.17786306168675328,0.9597964922703444,0.9648055127749771,0.979692039505448,6.0,14.0
3717.3258524072326,0.5481405766304794,0.3043281267272681,1394.1705361180498,0.00761593931752984,660.9234468836281,9.02291773415334e-05,9.022914998816819e-05,4999.988317462253,1.8361251526097866,0.019436713071698728,0.1529593272705665,0.0,0.01950452564532852,0.01950452564532852,0.2941486423064014,0.17648918538384087,0.934600203876399,0.9426202825871339,0.966747228533084,8.0,14.0
2254.68592047274,0.329403054022996,0.18799213201061982,1625.3014895979961,0.009705310057190726,773.010427074819,9.197445567742408e-05,9.197442236350922e-05,4999.990416687506,1.505716059490848,0.011789034656364225,0.12560536149838775,0.0,0.011844644417498783,0.011844644417498783,0.29644660667475037,0.17786796400485022,0.9598873044880666,0.964885291800123,0.9797383857377777,10.0,14.0
504.33236333655856,0.06910350558863958,0.04735909875970277,1822.6595588584794,0.023891139016243356,869.9062803438428,0.0001146559982472317,0.00011465595508040508,4999.992766022122,1.1315356770949674,0.0026369933194305907,0.09415072217994404,0.0,0.0026787836877552535,0.0026787836877552535,0.2991963648936734,0.17951781893620405,0.9908195600542965,0.991985157360236,0.995399196329943,12.0,14.0
82.59151879395432,0.009618081163616999,0.010020046639482135,2014.7713002111377,0.0319774411995738,964.2099328640232,7.314390994363543e-05,7.314388225247926e-05,4999.994742872101,0.803215887988961,0.00043184474987963513,0.06642605332475213,0.0,0.0004615094687946028,0.0004615094687946028,0.2998615471593616,0.17991692829561695,0.9984138076929691,0.9986161104682881,0.9992065890960533,14.0,14.0
504.3323633366062,0.0703261611759918,0.045892465524388415,2210.727506592883,0.019039673285535654,1059.9721961856808,7.884337808684073e-05,7.884334816146383e-05,4999.994487196807,0.8609650636338785,0.0026369933194308366,0.07213355104892653,0.0,0.0026687908560461197,0.0026687908560461197,0.29919936274318615,0.1795196176459117,0.9908536878261472,0.9920149757574466,0.9954163389387113,16.0,14.0
2254.6859205578553,0.33370163344871806,0.1830942139433577,2406.763285007427,0.006186961892401096,1155.5937914119586,4.7957958456507745e-05,4.7957940245784336e-05,4999.994606783306,0.8470260111699451,0.011789034656809293,0.07144921729098938,0.0,0.011820317390269576,0.011820317390269576,0.2964539047829191,0.17787234286975148,0.9599684255527161,0.9649565560052098,0.9797797842131242,18.0,14.0
3717.325909021985,0.5559193186114115,0.29556199074107936,2578.0656175970676,0.0023617207381639123,1240.115130400588,2.5010982742246006e-05,2.5010973243534462e-05,4999.995225968908,0.7500828147770866,0.019436713367719537,0.06344533240154948,0.0,0.01946441575283921,0.01946441575283921,0.29416067527414824,0.17649640516448895,0.9347312954710815,0.9427359688269806,0.9668150265025267,20.0,14.0
2254.6859205578553,0.33490853244288665,0.18171343467390977,2701.145189318723,0.003246971251094196,1303.004810456496,3.003207224838262e-05,3.0032060841587275e-05,4999.995813155608,0.6573851078504594,0.011789034656809293,0.05574947643079221,0.0,0.011813313489853912,0.011813313489853912,0.29645600595304383,0.1778736035718263,0.9599917817625013,0.964977074057679,0.9797917032525338,22.0,14.0
504.3323633366062,0.07188290129603608,0.0440313647229362,2797.922606462298,0.007867396067905536,1353.817539864616,3.292146445717422e-05,3.29214519526855e-05,4999.996607358466,0.5266227786880872,0.0026369933194308366,0.04466816158744807,0.0,0.002656442781197728,0.002656442781197728,0.29920306716564066,0.1795218402993844,0.9908958605086585,0.9920518229754677,0.9954375221522738,24.0,14.0
82.59151879395432,0.010729051084812582,0.00852598508023818,2896.4775020613733,0.009768207917429363,1404.9757197563797,1.826986315664756e-05,1.8269856217223726e-05,4999.997446000437,0.3760824279715534,0.00043184474987963513,0.03180146853923471,0.0,0.0004457343898649289,0.0004457343898649289,0.2998662796830405,0.1799197678098243,0.9984679947472126,0.998663392779286,0.9992337037686492,26.0,14.0
504.3323633366062,0.07221715510143879,0.04363573100434864,3005.075563215293,0.005984598525935422,1460.1811468115136,2.2027626893304555e-05,2.2027618526557715e-05,4999.997040108744,0.45817140603065104,0.0026369933194308366,0.03911876774884837,0.0,0.0026539147052973494,0.0026539147052973494,0.2992038255884108,0.17952229535304648,0.9909044948751667,0.9920593669816772,0.9954418591134124,28.0,14.0
2254.6859205578553,0.3360075421992568,0.18045659234390107,3119.1988861936597,0.0019477971048938864,1517.4845144427038,1.453944365884644e-05,1.4539438136332363e-05,4999.9969162241805,0.48398584484887003,0.011789034656809293,0.041497082230993,0.0,0.011806909432770475,0.011806909432770475,0.29645792717016883,0.1778747563021013,0.9600131380234422,0.9649958351128508,0.979802601559846,30.0,14.0
3717.325909021985,0.5578876233996009,0.29332919923128814,3213.7005438070655,0.0007410190718933662,1565.7834868314676,7.668238993470052e-06,7.668236080844054e-06,4999.997067180291,0.460649098831331,0.019436713367719537,0.03957880774342703,0.0,0.019453726260815412,0.019453726260815412,0.29416388212175537,0.17649832927305323,0.9347662343886568,0.9427668014004493,0.9668330954144344,32.0,14.0
2254.6859205578553,0.336315153905354,0.18010236249570885,3265.960574061657,0.001024887459874866,1594.9866141967352,9.329819487166157e-06,9.329815943422096e-06,4999.997239271703,0.4332039028088267,0.011789034656809293,0.03729048589482191,0.0,0.011805033931975357,0.011805033931975357,0.29645848982040734,0.17787509389224443,0.9600193925145842,0.9650013295468078,0.9798057932644532,34.0,14.0
504.3323633366062,0.07263139900840711,0.04314205139163747,3298.4906229150574,0.0025043077817819745,1614.9663873206423,1.0077602913690753e-05,1.0077599085916172e-05,4999.9975903239865,0.370782479787901,0.0026369933194308366,0.03194693771539961,0.0,0.002650687219422085,0.002650687219422085,0.29920479383417337,0.179522876300504,0.9909155180823509,0.9920689981458326,0.9954473959393088,36.0,14.0
82.59151879395395,0.01107706409353982,0.008076933536688168,3338.7193680063388,0.003146857213729603,1637.8779849611412,5.610405072507752e-06,5.610402941508333e-06,4999.998144389536,0.2634875161330097,0.0004318447498796331,0.02267738095175311,0.0,0.00044157598555433897,0.00044157598555433897,0.2998675272043337,0.1799205163226002,0.9984822791454165,0.9986758569252873,0.9992408514194245,38.0,14.0
504.33236333660227,0.07271910340749536,0.043038210755299205,3394.08004507215,0.0019692841244257505,1667.0603699743203,7.179575575250435e-06,7.179572848233189e-06,4999.997701983471,0.3527581582913196,0.002636993319430817,0.03048693545706225,0.0,0.0026500215373323256,0.0026500215373323256,0.2992049935388003,0.17952299612328018,0.990917791675176,0.9920709846203694,0.9954485379341195,40.0,14.0
2254.68592055785,0.3365958615918702,0.17977979771786823,3459.327676067027,0.000649559717220795,1700.2399469125082,5.104930389687013e-06,5.104928450681975e-06,4999.997531844983,0.38721259828381666,0.01178903465680926,0.03351051529523795,0.0,0.011803335361090874,0.011803335361090874,0.2964589993916727,0.17787539963500362,0.9600250569996446,0.9650063056680256,0.9798086838764212,42.0,14.0
3717.325909021985,0.5583895059054745,0.29275676734263434,3508.8741184638866,0.00026147599282172934,1726.1287283299787,3.600176620106568e-06,3.6001752526519556e-06,4999.997558301235,0.3833916671347443,0.019436713367719537,0.03320674208065019,0.0,0.019450872955708225,0.019450872955708225,0.2941647381132875,0.17649884286797252,0.9347755606661128,0.9427750315346991,0.9668379185086364,44.0,14.0
2254.6859205578617,0.3366750887055564,0.17968825646804443,3520.3730510526566,0.000400647630195622,1734.8105797647781,3.775927356797874e-06,3.7759259225878823e-06,4999.997617134468,0.3737948433066398,0.011789034656809338,0.03239929141097867,0.0,0.011802839810721718,0.011802839810721718,0.2964591480567835,0.1778754888340701,0.9600267095922723,0.9650077574320962,0.9798095272001963,46.0,14.0
504.33236333660875,0.07282712386844059,0.0429092985204353,3516.446038281115,0.001030273361174605,1736.2564691940747,4.306219972779593e-06,4.306218337148626e-06,4999.997843214087,0.3297539949977342,0.0026369933194308522,0.028600216636045162,0.0,0.002649171937557029,0.002649171937557029,0.2992052484187329,0.17952314905123973,0.9909206934323166,0.992073519931008,0.995449995445435,48.0,14.0
82.59151879395432,0.011172549631849603,0.007954949510501456,3523.9450617594207,0.0013698572953746366,1742.372735248951,3.388049262082599e-06,3.3880479752002933e-06,4999.99831894287,0.2339404852042034,0.00043184474987963513,0.020285222213365445,0.0,0.00044048474174258147,0.00044048474174258147,0.2998678545774772,0.17992071274648633,0.998486027666767,0.9986791277697293,0.9992427271022627,50.0,14.0
504.33236333660227,0.07284951614129236,0.04288274282524628,3549.660640890854,0.0008906843894725689,1756.2080596329295,3.6387567336482596e-06,3.638755351539768e-06,4999.997870793602,0.3250921157834315,0.002636993319430817,0.028223455435556877,0.0,0.0026489997630039556,0.0026489997630039556,0.2992053000710988,0.17952318004265927,0.9909212814849703,0.9920740337216609,0.9954502908156541,52.0,14.0
2254.68592055785,0.3367462231449592,0.17960630832144936,3587.793593283303,0.00030275304327013667,1775.236280367846,3.0435312325783003e-06,3.043530076554233e-06,4999.997692490714,0.361893218116511,0.01178903465680926,0.0314227301682669,0.0,0.011802400254717859,0.011802400254717859,0.2964592799235846,0.17787556795415077,0.9600281754531522,0.9650090451563256,0.9798102752335026,54.0,14.0
3717.325909021985,0.5585165372201027,0.29261148971880596,3612.379786489353,0.00013578751777484075,1788.0058454371733,2.8972752452944986e-06,2.8972741448228235e-06,4999.997684106896,0.3633782531679621,0.019436713367719537,0.03155873443763477,0.0,0.019450133811589276,0.019450133811589276,0.2941649598565232,0.17649897591391392,0.9347779766347736,0.9427771635456084,0.9668391679254484,56.0,14.0
2254.6859205578617,0.33676450915075057,0.17958509033335457,3601.110619638089,0.00024243681724217309,1784.6538631856818,2.8917408470068138e-06,2.891739748637268e-06,4999.997712694324,0.35868092964616355,0.011789034656809338,0.031158338498831636,0.0,0.011802281617081443,0.011802281617081443,0.2964593155148756,0.17787558930892533,0.9600285710941985,0.9650093927176011,0.979810477130245,58.0,14.0
504.33236333660875,0.07287444110053394,0.042852847490477144,3576.580097129314,0.0006629567491500879,1775.1691526358788,2.9946697166307238e-06,2.9946685791657185e-06,4999.997902930285,0.31958264142832926,0.0026369933194308522,0.027774891239841493,0.0,0.0026487962846981484,0.0026487962846981484,0.29920536111459056,0.17952321666875432,0.9909219764541979,0.9920746409269018,0.9954506398883863,60.0,14.0
82.59151879395482,0.011194972179500535,0.007926211040844186,3565.251713651747,0.0009391011593404138,1771.281157294965,2.9039470165973418e-06,2.9039459135915283e-06,4999.998360671773,0.22684425465647115,0.00043184474987963757,0.019715483371643135,0.0,0.00044022266066612347,0.00044022266066612347,0.29986793320180016,0.1799207599210801,0.9984869279405882,0.9986799133206611,0.9992431775802065,62.0,14.0
504.3323633366062,0.07287730962826765,0.042849317409971034,3573.502684440001,0.0006382497524617459,1775.8437245923724,2.8978978475435764e-06,2.897896746835418e-06,4999.997907164897,0.3188079555401858,0.0026369933194308366,0.027715355654189634,0.0,0.002648767673661595,0.002648767673661595,0.2992053696979015,0.17952322181874092,0.9909220741736866,0.9920747263059072,0.995450688971426,64.0,14.0
2254.6859205578553,0.33677394177109876,0.1795739323167414,3595.1775741127494,0.00022517553953141852,1786.1626897131923,2.8586283488977977e-06,2.858627263105368e-06,4999.997724927458,0.3567141301860788,0.011789034656809293,0.0310033640107587,0.0,0.011802208978387345,0.011802208978387345,0.2964593373064838,0.17787560238389027,0.9600288133348311,0.9650096055202393,0.979810600746303,66.0,14.0
3717.325909021985,0.5585339095960731,0.29259107339781176,3604.0675964885577,0.00011358612719630888,1790.6757424599903,2.8509900447481857e-06,2.850988961857012e-06,4999.997704353177,0.36008630930486735,0.019436713367719537,0.03129768598587165,0.0,0.01945001223208513,0.01945001223208513,0.29416499633037446,0.17649899779822467,0.9347783740303518,0.9427775142337222,0.96683937343819,68.0,14.0
2254.6859205578553,0.33676872023504617,0.17957964623441844,3577.896496567168,0.00023065211568309217,1779.5523385413665,2.8773179375332523e-06,2.877316844641958e-06,4999.9977219846505,0.35718536527542116,0.011789034656809293,0.031048788093249513,0.0,0.011802226382246851,0.011802226382246851,0.29645933208532593,0.17787559925119556,0.9600287552952107,0.9650095545338131,0.9798105711285272,70.0,14.0
504.3323633366062,0.07286977792921027,0.04285768829006521,3539.285079033689,0.0006587589806239785,1762.8049431383238,2.958921849402364e-06,2.958920725515466e-06,4999.997902552858,0.3195945441598369,0.0026369933194308366,0.027792826918295693,0.0,0.0026487967242949956,0.0026487967242949956,0.2992053609827115,0.1795232165896269,0.9909219749527776,0.9920746396150885,0.9954506391342454,72.0,14.0
82.59151879395432,0.01118878820118015,0.007933370637364696,3514.500363566576,0.0009776575018823916,1752.06645820362,2.9602649120512604e-06,2.9602637876542274e-06,4999.998354770325,0.2277141103273031,0.00043184474987963513,0.01980534976936594,0.0,0.00044025478655451255,0.00044025478655451255,0.29986792356403363,0.17992075413842018,0.9984868175850244,0.9986798170278356,0.9992431223606317,74.0,14.0
504.3323633366062,0.07285868937411513,0.04287026295274437,3509.7020943934795,0.0006982906440998552,1750.0821307333204,3.1185059900744692e-06,3.118504805572748e-06,4999.997893877357,0.32112291409579075,0.0026369933194308366,0.027928662140969635,0.0,0.00264885317071896,0.00264885317071896,0.2992053440487843,0.17952320642927058,0.9909217821630112,0.9920744711717286,0.9954505422988181,76.0,14.0
2254.6859205578553,0.33673511968346703,0.1796170786828837,3518.5525388547417,0.0002585106150250203,1754.0669332397993,2.9585454802431454e-06,2.958544356499203e-06,4999.997697230539,0.36113468715584607,0.011789034656809293,0.031398333493915506,0.0,0.01180237224032217,0.01180237224032217,0.2964592883279033,0.177875572996742,0.9600282688774976,0.9650091272273993,0.9798103229082135,78.0,14.0
3717.325909021985,0.5584757690310623,0.2926553669613866,3514.7451866603183,0.00014931271855752538,1752.4094006858716,2.9677308067448297e-06,2.967729679512027e-06,4999.9976626993575,0.36678391547994127,0.019436713367719537,0.03188957614632692,0.0,0.01945025959099269,0.01945025959099269,0.2941649221227022,0.1764989532736213,0.9347775655115106,0.9427768007432523,0.966838955313402,80.0,14.0
2254.6859205578553,0.3366947429845542,0.17966233582610724,3476.1411296819406,0.0003406560923915775,1735.3412847093934,3.171205191761388e-06,3.1712039872429367e-06,4999.9976651550205,0.3662061631999931,0.011789034656809293,0.03184240869803786,0.0,0.011802559542283677,0.011802559542283677,0.2964592321373149,0.17787553928238894,0.9600276442500865,0.9650085785069924,0.9798100041590138,82.0,14.0
504.3323633366062,0.0728014048827135,0.04293583224956101,3425.5127166152743,0.0010078765049999375,1712.9384186642685,3.999929535132738e-06,3.999928015840029e-06,4999.997842433207,0.3297261987705586,0.0026369933194308366,0.028682922785188254,0.0,0.002649170910974648,0.002649170910974648,0.2992052487267076,0.17952314923602455,0.990920696938551,0.9920735229944592,0.9954499972065654,84.0,14.0
82.59151879395432,0.011141128785443497,0.00799118455594061,3389.0916364358955,0.001562720374611278,1696.8052594864503,3.646518376404731e-06,3.6465169913481357e-06,4999.998290056612,0.23820303945316143,0.00043184474987963513,0.020727387683078073,0.0,0.0004406421682521239,0.0004406421682521239,0.29986780734952434,0.17992068440971462,0.9984854868917901,0.9986786559062474,0.9992424565098252,86.0,14.0
504.33236333655856,0.07275013710357339,0.04299370190762507,3372.978127827043,0.0011922477904270513,1689.647251402831,4.93150687665341e-06,4.931505003519801e-06,4999.997800400088,0.33660183407982713,0.0026369933194305907,0.029284932407201054,0.0,0.002649424844931463,0.002649424844931463,0.29920517254652057,0.17952310352791234,0.9909198296416591,0.9920727652237219,0.9954495615759038,88.0,14.0
2254.68592047274,0.3365398092353552,0.1798343457056729,3370.803989257865,0.0004724053037372098,1688.6537657261379,4.372964872204764e-06,4.372963211222092e-06,4999.997552280913,0.3839786381341818,0.011789034656364225,0.03339692114364062,0.0,0.011803215922621447,0.011803215922621447,0.29645903522321354,0.17787542113392812,0.9600254553103901,0.9650066555747624,0.9798088871358486,90.0,14.0
3717.3258524072326,0.5582049917705685,0.29295460797046213,3356.3086470123562,0.00032540741191306474,1682.2222606906616,3.9657024023085445e-06,3.965700896016322e-06,4999.9974723769565,0.3969263577948315,0.019436713071698728,0.03452371092056789,0.0,0.01945137252877621,0.01945137252877621,0.29416458824136715,0.1764987529448203,0.9347739277627616,0.942773590552003,0.9668370740526874,92.0,14.0
2254.672067373881,0.33635898590074664,0.18003140632861922,3307.5966490339397,0.0008382888743864048,1660.679447769203,5.98938363905518e-06,5.989381364108379e-06,4999.997423770988,0.4041656436647507,0.011788962222921914,0.03516056357600596,0.0,0.011803889044457304,0.011803889044457304,0.2964588332866628,0.1778752999719977,0.9600232105439658,0.9650046835992826,0.979807741622797,94.0,14.0
503.08533945637987,0.0722977870450318,0.04319452047455398,3247.679346803496,0.002600189770883346,1634.1922178821083,8.158166223405375e-06,8.15816312469017e-06,4999.997576688664,0.3717709938527715,0.0026304730286853127,0.03236015004145544,0.0,0.002644203436908428,0.002644203436908428,0.29920673896892747,0.17952404338135647,0.9909376631769987,0.9920883466369492,0.9954585190639531,96.0,14.0
41.29575939697716,0.005239090813829906,0.00443083638114089,3202.9021155132255,0.004655233030648882,1614.4002713972632,4.323210481488133e-06,4.323208839403664e-06,4999.99844411847,0.22554151741038528,0.00021592237493981757,0.019627762344637374,0.0,0.0002242521724670875,0.0002242521724670875,0.29993272434825985,0.17995963460895592,0.9992290156488995,0.9993273943384318,0.9996144334936844,98.0,14.0
1.2470238802263154,0.00013733469487307688,0.00016573553083610028,3180.1402515036652,0.005760424936493914,1604.3403578963048,3.4694973254661675e-06,3.469496007647454e-06,4999.999726093212,0.019641921599409487,6.520290745515251e-06,0.0015669211825396915,0.0,7.245714746595671e-06,7.245714746595671e-06,0.299997826285576,0.1799986957713456,0.9999750820444983,0.9999782630132609,0.999987540944635,100.0,14.0
0.8416759611592727,1.2011609149788486e-06,0.0008136125256201006,160.28147284503757,0.22079939976843072,75.6228526944004,0.0058235178827294376,0.0058235178628057655,4999.992443317855,0.9685426770819419,8.293687891433565e-06,0.05017887385305411,0.0,4.406432776849357e-05,4.406432776849357e-05,0.29998678070166945,0.17999206842100166,0.999848470364816,0.9998678128416039,0.9999242323120368,0.0,21.0
27.87247985655632,0.0012492098702820897,0.010773408389485508,480.8341316930351,0.15102603435182801,226.87584182298184,0.0015373627394220646,0.0015373626777250575,4999.974998231287,3.9133499387102693,0.0002746492229291581,0.31865758686207096,0.0,0.0004191787668334758,0.0004191787668334758,0.2998742463699499,0.17992454782196995,0.9985592177480439,0.9987429907583609,0.999279349205238,2.0,21.0
339.55631752235627,0.04512586405198815,0.06343888776433225,801.5021877119315,0.06354563489765895,378.18625829529236,0.0005758081354090399,0.0005758080410817396,4999.975268412344,3.8823213322938863,0.003345912499646663,0.32164030786310044,0.0,0.0034892960815482,0.0034892960815482,0.2989532111755355,0.17937192670532132,0.9880544283437169,0.9895685948339566,0.9940092697473786,4.0,21.0
1521.7858370614883,0.23981965432960092,0.23439660753115166,1120.0996949250978,0.017939369386169975,528.7265925679592,0.00019213673179614276,0.0001921366882552686,4999.978577714875,3.3668659805788796,0.014995339480538597,0.2801451431764619,0.0,0.015119686040948781,0.015119686040948781,0.29546409418771535,0.17727845651262922,0.9490133800345013,0.9553233001606783,0.9741731776406602,6.0,21.0
2509.0007171308143,0.4066158819303135,0.37287873627218165,1420.0077205422945,0.006013380666497939,671.176875859808,7.064293212436778e-05,7.064291217268213e-05,4999.982664862354,2.724724376396199,0.02472313553853302,0.2268712649211975,0.0,0.024823766245613436,0.024823766245613436,0.292552870126316,0.17553172207578957,0.9173374613276407,0.927362062489398,0.9577773547790952,8.0,21.0
1521.795187179381,0.24416026404407332,0.22908105223709557,1681.129431358697,0.00762419008275812,796.4584200768646,7.383907435654536e-05,7.383904791475633e-05,4999.98568514945,2.2495082126689816,0.014995431614522667,0.18761871498376984,0.0,0.015078511431323618,0.015078511431323618,0.2954764465706029,0.17728586794236173,0.9491495110210814,0.9554431219539006,0.9742430451489409,10.0,21.0
340.3979934834824,0.05069154492846622,0.05623059537084148,1914.8586206275554,0.021070376148854004,909.4300764010275,0.0001111483533451611,0.00011114831150596763,4999.989058656471,1.7143263527438168,0.003354206187537785,0.14271851756965015,0.0,0.0034175204348567646,0.0034175204348567646,0.298974743869543,0.17938484632172577,0.9882990618902766,0.9897824371184526,0.9941323160878921,12.0,21.0
55.74495971311264,0.006792700092391295,0.011551307778444205,2141.0152498231027,0.030119236933003744,1018.8696973648086,7.546805302448497e-05,7.54680244494033e-05,4999.992017411432,1.231650168303496,0.0005492984458583162,0.10196351393245039,0.0,0.0005947862861645801,0.0005947862861645801,0.2998215641141506,0.17989293846849036,0.9979560932613946,0.9982167022432669,0.9989775239020118,14.0,21.0
340.3979934835154,0.05178549273611174,0.05478052425179422,2366.827282579521,0.016988581398972656,1128.035980251864,7.852700741021466e-05,7.852697760473108e-05,4999.99167900238,1.3024057015356705,0.0033542061875381024,0.109158748933904,0.0,0.0034023072020063793,0.0034023072020063793,0.2989793078393981,0.17938758470363886,0.9883509191475116,0.9898277660928032,0.9941583974133658,16.0,21.0
1521.795187236831,0.2479241385629425,0.22445661062115763,2590.7828876536078,0.00498589071832629,1236.3648907806876,3.877840127038557e-05,3.8778386546260394e-05,4999.991995555852,1.2575014405277714,0.014995431615088803,0.10603927099963208,0.0,0.015041874205837127,0.015041874205837127,0.29548743773824887,0.17729246264294932,0.949270652927117,0.9555497479772938,0.9743052154879994,18.0,21.0
2509.000755342819,0.41338242548795606,0.36469853365215066,2796.333423826185,0.0017538848807658746,1336.5713500738052,1.7401086513643226e-05,1.7401079905375883e-05,4999.992997046152,1.1004607041404568,0.024723135915065947,0.09302748947361267,0.0,0.024763778608958655,0.024763778608958655,0.2925708664173124,0.17554251985038744,0.917530793860626,0.9275332121093532,0.9578782771629316,20.0,21.0
1521.795187236831,0.24898334351062296,0.2231453666935365,2965.339679571586,0.0024683220581053827,1420.4543635547427,2.299611038029727e-05,2.2996101645964047e-05,4999.993824431479,0.970003954546591,0.014995431615088803,0.0822314507570451,0.0,0.015031256223501464,0.015031256223501464,0.29549062313294955,0.17729437387976973,0.949305763728381,0.9555806511785211,0.9743232337003881,22.0,21.0
340.3979934835154,0.05318614682112097,0.05293242562758185,3110.977948280815,0.006895017772991259,1493.6660989110499,3.2542068783014875e-05,3.254205642263032e-05,4999.994933313414,0.7897755660089129,0.0033542061875381024,0.06699456683292052,0.0,0.0033833745226294594,0.0033833745226294594,0.29898498764321113,0.1793909925859267,0.9884154577261675,0.9898841793713494,0.9941908557848274,24.0,21.0
55.74495971311264,0.007768364623923532,0.010022301409250572,3252.8018039957915,0.009141127312585165,1564.8730454520746,1.9062492459240722e-05,1.906248521875221e-05,4999.996106405883,0.586660638473781,0.0005492984458583162,0.049657035144564425,0.0,0.0005709652520047596,0.0005709652520047596,0.29982871042439857,0.17989722625463914,0.9980378905498546,0.9982880820618074,0.9990184635680437,26.0,21.0
340.3979934835154,0.053482625847194626,0.05254705646861358,3397.318287804086,0.005298136326597007,1637.022516607196,2.2270705358921054e-05,2.2270696899845654e-05,4999.9955886882135,0.6863282841947089,0.0033542061875381024,0.05859967591986672,0.0,0.0033795539625740313,0.0033795539625740313,0.2989861338112278,0.17939168028673666,0.988428481810459,0.9898955636680488,0.9941974058558285,28.0,21.0
1521.795187236831,0.2499415784415534,0.22195982106333986,3542.331631138195,0.0015480473529773824,1709.2175013665935,1.1640533500290137e-05,1.1640529078868702e-05,4999.995490353876,0.7081260283132023,0.014995431615088803,0.06069633115581465,0.0,0.015021584433901785,0.015021584433901785,0.2954935246698295,0.17729611480189766,0.9493377465767848,0.9556088011045413,0.9743396464153478,30.0,21.0
2509.000755342819,0.4150876483027672,0.3626143634331621,3671.092959669199,0.0005409323473430928,1774.0755616090732,5.74322831901157e-06,5.743226137562117e-06,4999.995747048899,0.6681539107971349,0.024723135915065947,0.057388779457130834,0.0,0.024747812466229993,0.024747812466229993,0.292575656260131,0.17554539375607858,0.9175822558737832,0.9275787683646741,0.9579051392876975,32.0,21.0
1521.795187236831,0.25021119370287304,0.22162239175949516,3766.8559043197797,0.0007607457756658811,1824.0450828359403,7.086087125151944e-06,7.086084433644451e-06,4999.995982172267,0.6308139782823787,0.014995431615088803,0.054288566918597604,0.0,0.015018729111606496,0.015018729111606496,0.29549438126651806,0.1772966287599108,0.949347188763217,0.9556171116796219,0.9743444918319275,34.0,21.0
340.3979934835154,0.053853982348467354,0.0520588432243804,3843.974055892833,0.002143705214100177,1865.335832287803,9.848232326185643e-06,9.848228585532867e-06,4999.996435726126,0.552279836955997,0.0033542061875381024,0.04758258502512054,0.0,0.0033746032269526527,0.0033746032269526527,0.29898761903191423,0.17939257141914852,0.988445358795149,0.9899103157301578,0.9942058935628721,36.0,21.0
55.74495971311242,0.008077062374540398,0.00956739782253997,3921.5513511578233,0.002867114315742079,1906.4262546245209,5.75011462342572e-06,5.750112439360442e-06,4999.997172355477,0.4162866422507314,0.0005492984458583136,0.03584318696016315,0.0,0.00056467292539126,0.00056467292539126,0.2998305981223826,0.17989835887342956,0.9980594981496005,0.998306937610315,0.999029277924126,38.0,21.0
340.3979934835128,0.053931336981279616,0.05195823089676646,4005.33919836162,0.0016908574959787067,1949.9281994811224,7.083302377573745e-06,7.083299687123935e-06,4999.996605242004,0.5251607465352096,0.003354206187538078,0.045383936983106395,0.0,0.0033736016528968953,0.0033736016528968953,0.2989879195041309,0.17939275170247856,0.9884487731727586,0.9899133002100515,0.9942076106994748,40.0,21.0
1521.795187236828,0.25045487249403503,0.2213186746663405,4092.4693524096638,0.0004977270507997332,1994.6361240815713,4.0026411026707966e-06,4.002639582348154e-06,4999.9964236067,0.5614223872464874,0.01499543161508876,0.04858223005853276,0.0,0.015016166311151527,0.015016166311151527,0.2954951501066545,0.17729709006399272,0.9493556636774789,0.9556245708945729,0.9743488408560247,42.0,21.0
2509.000755342819,0.41552091510582,0.3620805360645197,4165.901597107051,0.0001833679145388287,2033.040381846454,2.9587979762398046e-06,2.9587968523999588e-06,4999.996478059021,0.5529518380802639,0.024723135915065947,0.047889660275707034,0.0,0.024743557773118624,0.024743557773118624,0.2925769326680644,0.17554615960083864,0.9175959699514629,0.9275909085483025,0.9579122976303535,44.0,21.0
1521.7951872368355,0.25052418326436193,0.22123152257064854,4209.741086318184,0.00028606363800850733,2058.0147807686003,2.9530172830465153e-06,2.953016161402349e-06,4999.996553413367,0.5410059041196473,0.014995431615088853,0.04689036580671423,0.0,0.015015412280706946,0.015015412280706946,0.2954953763157879,0.17729722578947274,0.9493581571884953,0.9556267655617757,0.974350120433356,46.0,21.0
340.3979934835169,0.05402803072436958,0.05183084621476271,4239.008231704344,0.0008412982752634788,2076.1136656973244,4.017171945141025e-06,4.017170419299133e-06,4999.996824285195,0.48992478336750833,0.003354206187538122,0.042489494522419895,0.0,0.0033723003029626332,0.0033723003029626332,0.2989883099091112,0.1793929859454667,0.9884532095031117,0.9899171779679327,0.9942098417854812,48.0,21.0
55.74495971311264,0.008162039851350066,0.009444078392207211,4272.332820631018,0.0011854331832730032,2095.612307923391,3.0378864450895627e-06,3.0378852912095537e-06,4999.997436780642,0.37157601089396186,0.0005492984458583162,0.03222112827581785,0.0,0.0005630216528858966,0.0005630216528858966,0.2998310935041342,0.17989865610248054,0.99806516861228,0.998311885843013,0.9990321159063306,50.0,21.0
340.3979934835128,0.054047799883830204,0.05180508113839629,4314.811992351376,0.0007233540347897488,2118.82676196538,3.4159660833328893e-06,3.415964785846941e-06,4999.996866782347,0.4829179166760656,0.003354206187538078,0.041922573878513926,0.0,0.0033720415223109806,0.0033720415223109806,0.2989883875433067,0.17939303252598401,0.9884540916937964,0.9899179490828004,0.9942102854496107,52.0,21.0
1521.795187236828,0.2505858761466746,0.22115439243100915,4363.010977450056,0.00021774915161351367,2144.291882775018,2.6683251951436534e-06,2.6683241816340455e-06,4999.9966668968,0.5230488302676838,0.01499543161508876,0.045416106046267335,0.0,0.015014749082236404,0.015014749082236404,0.29549557527532905,0.17729734516519743,0.9493603503304014,0.9556286958578755,0.9743512458710162,54.0,21.0
2509.000755342819,0.41563045317465114,0.3619451951335774,4399.599103711327,8.983233563413647e-05,2164.3724077698353,2.4914945951067306e-06,2.491493648762666e-06,4999.99666474125,0.5231200945338007,0.024723135915065947,0.045433346194743686,0.0,0.0247424560141765,0.0247424560141765,0.29257726319574706,0.17554635791744821,0.9175995212568648,0.9275940522836992,0.9579141512979463,56.0,21.0
1521.7951872368355,0.2506019563811393,0.22113404947713247,4409.157611831948,0.00016629960738308373,2172.1993533396685,2.499625415227642e-06,2.499624465795249e-06,4999.996697659629,0.5181327001171845,0.014995431615088853,0.04501102390613253,0.0,0.015014567517577177,0.015014567517577177,0.2954956297447269,0.1772973778468361,0.949360950750218,0.9556292243178612,0.9743515539835804,58.0,21.0
340.3979934835169,0.0540702849691118,0.05177524708742284,4407.058832474369,0.0005166483677754511,2174.5256477971366,2.723652626002467e-06,2.7236515914778483e-06,4999.996917844862,0.4744333915235218,0.003354206187538122,0.04123016124037494,0.0,0.003371728168133722,0.003371728168133722,0.29898848154955987,0.17939308892973593,0.988455159927994,0.9899188828164552,0.9942108226769583,60.0,21.0
55.74495971311299,0.008182177370299118,0.009414757878831283,4411.54554073225,0.0007763705568611289,2179.4538641958206,2.52497848268242e-06,2.5249775236201754e-06,4999.997499396122,0.3607932350045469,0.0005492984458583196,0.0313543917647161,0.0,0.0005626234187116689,0.0005626234187116689,0.2998312129743865,0.1798987277846319,0.9980665361503582,0.998313079201103,0.9990328003375857,62.0,21.0
340.3979934835154,0.05407296104931439,0.05177157276943605,4427.229140040345,0.0004952435248590735,2189.073204209804,2.6135130666055784e-06,2.6135120739152544e-06,4999.996924851931,0.47322288771417226,0.0033542061875381024,0.041136469335954454,0.0,0.0033716834612799325,0.0033716834612799325,0.298988494961616,0.17939309697696962,0.9884553123351287,0.9899190160341111,0.9942108993242473,64.0,21.0
1521.795187236831,0.25061050800900353,0.22112291650960042,4450.2625494494305,0.00015392137749171687,2201.724568274007,2.4430727127999054e-06,2.443071784847918e-06,4999.996716720665,0.5150472263101623,0.014995431615088803,0.04476658057003915,0.0,0.015014453563514996,0.015014453563514996,0.29549566393094545,0.17729739835856728,0.9493613275873395,0.9556295559913286,0.9743517473619778,66.0,21.0
2509.000755342819,0.41564605051236225,0.36192512758827916,4463.093529829708,7.286078967860205e-05,2209.673337398648,2.409682627931575e-06,2.409681712662139e-06,4999.996696025125,0.51801614097642,0.024723135915065947,0.04502700231091983,0.0,0.02474226751274133,0.02474226751274133,0.29257731974617757,0.17554639184770654,0.9176001288555692,0.9275945901503733,0.9579144684446358,68.0,21.0
1521.795187236831,0.2506064035423102,0.22112758344030123,4450.585320317156,0.0001575514770240731,2206.2071736096054,2.4512752582913933e-06,2.451274327223834e-06,4999.996713163815,0.5156204340585858,0.014995431615088803,0.044823008417332985,0.0,0.015014474733473148,0.015014474733473148,0.29549565757995805,0.17729739454797483,0.9493612575799443,0.9556294943742704,0.9743517114368632,70.0,21.0
340.3979934835154,0.05406699783083645,0.05177852267659166,4428.321007735771,0.000509850979135053,2198.198075171706,2.659189718323277e-06,2.6591887082835955e-06,4999.996919159006,0.4741793848907341,0.0033542061875381024,0.041233088344739426,0.0,0.0033717187870501396,0.0033717187870501396,0.298988484363885,0.17939309061833097,0.9884551919084149,0.9899189107702433,0.9942108387602777,72.0,21.0
55.74495971311264,0.008177344766770739,0.009420751682588387,4414.288416557097,0.0008053331247781859,2193.626623762916,2.549157492498073e-06,2.5491565242519173e-06,4999.99749246816,0.3618560020046716,0.0005492984458583162,0.03146778050043466,0.0,0.0005626626692852688,0.0005626626692852688,0.2998312011992144,0.17989872071952864,0.9980664013636358,0.9983129615818493,0.9990327328789762,74.0,21.0
340.3979934835154,0.054057886048319036,0.05178958783379764,4412.789923508183,0.000541079945045275,2194.4293433824055,2.81439846688311e-06,2.8143973978905106e-06,4999.996906805709,0.4762858919330648,0.0033542061875381024,0.04142062339965331,0.0,0.003371796585485451,0.003371796585485451,0.29898846102435434,0.17939307661461262,0.9884549266910264,0.9899186789461887,0.9942107053794113,76.0,21.0
1521.795187236831,0.2505789760648155,0.22115999958435245,4419.725430911358,0.00017556794145520027,2198.8208295691584,2.5063901300310664e-06,2.5063891780292326e-06,4999.9966791340885,0.5210915597690264,0.014995431615088803,0.04530766829075023,0.0,0.01501467679547015,0.01501467679547015,0.2954955969613589,0.17729735817681536,0.9493605893769255,0.9556289062548732,0.9743513685405925,78.0,21.0
2509.000755342819,0.4155987331817099,0.3619804197855289,4417.42034326251,9.757282480793334e-05,2199.005181273187,2.4858363412306958e-06,2.4858353970358045e-06,4999.996639369905,0.5271868298011129,0.024723135915065947,0.04583832133513201,0.0,0.024742606208614147,0.024742606208614147,0.2925772181374158,0.17554633088244945,0.9175990371337345,0.9275936237216855,0.9579138986014006,80.0,21.0
1521.795187236831,0.25054563501726523,0.22119990015761273,4390.942915465639,0.00024163627907338993,2188.37449779058,2.70900557505654e-06,2.7090045460953086e-06,4999.996633893899,0.5282786798245331,0.014995431615088803,0.04593689249198437,0.0,0.015014942233317485,0.015014942233317485,0.29549551733000473,0.17729731039800284,0.9493597115955278,0.9556281336747993,0.9743509180965181,82.0,21.0
340.3979934835154,0.05401015715991681,0.05184859010220024,4356.036627470106,0.0008067194547244525,2173.8802583845936,3.6952335213196014e-06,3.695232117759539e-06,4999.996832025385,0.48855751851284,0.0033542061875381024,0.04249673478739156,0.0,0.0033722498065416606,0.0033722498065416606,0.2989883250580375,0.1793929950348225,0.9884533816468171,0.9899173284371917,0.9942099283586022,84.0,21.0
55.74495971311264,0.008137788043980819,0.009474136095455547,4330.5566835609025,0.001331651921171588,2163.4301813234674,3.1697553463877883e-06,3.169754142420032e-06,4999.997402634717,0.37685790094138133,0.0005492984458583162,0.03278599894234487,0.0,0.0005632167259489915,0.0005632167259489915,0.2998310349822153,0.17989862098932918,0.9980644987309543,0.9983113012827346,0.9990317806411136,86.0,21.0
340.3979934834824,0.05396821371132733,0.05189938610003138,4318.644827893602,0.0009547153909483542,2158.871550000291,4.47329184564435e-06,4.473290146554497e-06,4999.996772226398,0.4982258594325109,0.003354206187537785,0.04334356258467222,0.0,0.0033726068819180197,0.0033726068819180197,0.29898821793542457,0.17939293076125476,0.9884521643674037,0.9899162644241459,0.9942093161741161,88.0,21.0
1521.795187179381,0.2504190833644169,0.22134933760134795,4316.08376481946,0.0003291643993778878,2158.3506244739556,3.157540829902022e-06,3.157539630573704e-06,4999.996474783598,0.5533560934355223,0.014995431614522667,0.04813012836667019,0.0,0.015015868402710148,0.015015868402710148,0.29549523947918693,0.17729714368751218,0.9493566488333723,0.9556254379810248,0.9743493464016756,90.0,21.0
2509.0007171308143,0.41537780293294874,0.3622395154592635,4305.168567125779,0.00022494538723086317,2154.045902696368,3.038260370072281e-06,3.0382592160502448e-06,4999.996375059345,0.5692403231519119,0.02472313553853302,0.04951343438531685,0.0,0.024744158970008766,0.024744158970008766,0.2925767523089973,0.17554605138539842,0.9175940321147191,0.9275891931089525,0.9579112861401723,92.0,21.0
1521.7858370614883,0.25027093737810385,0.22152119797938946,4271.1227885455955,0.000635495029976386,2139.418888024397,4.453990691605655e-06,4.453988999846956e-06,4999.996290539474,0.582304254957223,0.014995339480538597,0.05065859472960348,0.0,0.015016845394832131,0.015016845394832131,0.2954949463815503,0.1772969678289302,0.9493534180129064,0.9556225943689246,0.9743476884628538,94.0,21.0
339.55631752235627,0.05361022349710307,0.052043809026002454,4229.802195073767,0.002206070647081603,2121.470084679141,7.671476610642224e-06,7.67147369678627e-06,4999.996446460429,0.5494375712860132,0.003345912499646663,0.04782121132279075,0.0,0.003366204567267898,0.003366204567267898,0.2989901386298196,0.17939408317789177,0.9884739901991626,0.9899353421541769,0.9942202925907128,96.0,21.0
27.87247985655632,0.003760206180299866,0.0052128983264617314,4199.037475110033,0.004250779273673993,2108.0817207310156,3.7234719257490386e-06,3.7234705114631863e-06,4999.997542572982,0.36701307210154743,0.0002746492229291581,0.031939653441127105,0.0,0.0002882039095144424,0.0002882039095144424,0.29991353882714566,0.1799481232962874,0.999009230248611,0.9991356374319984,0.9995044923603951,98.0,21.0
0.8416759611592727,9.094045144564455e-05,0.00020205014077777275,4183.404591397418,0.005359813489652812,2101.277402858732,2.8397063260972538e-06,2.839705247491973e-06,4999.999603457783,0.036525615148438016,8.293687891433565e-06,0.002971367426454343,0.0,9.642667814238067e-06,9.642667814238067e-06,0.2999971071996557,0.17999826431979343,0.9999668390450447,0.9999710722754995,0.999983419385064,100.0,21.0
0.5680872954985807,1.735629358967516e-07,0.0012258224097588717,152.62387766782751,0.22009066360000734,71.85280803245762,0.005825283678536958,0.005825283657924145,4999.988315490604,1.5791783341381698,9.490638303699073e-06,0.09191294527239952,0.0,6.781354015279633e-05,6.781354015279633e-05,0.2999796559379541,0.1799877935627725,0.9997668080981468,0.9997965731752583,0.9998833972509729,0.0,28.0
18.812467542426845,0.0007277697973673942,0.011586409504974315,457.7750423263296,0.14954934333538078,215.53322345506575,0.001541126193503942,0.0015411261303819896,4999.965978314261,5.3313545639701925,0.0003142867768034763,0.43467180384855136,0.0,0.0005111866849616417,0.0005111866849616417,0.2998466439945115,0.1799079863967069,0.9982431820261064,0.9984672237470166,0.9991212048726152,2.0,28.0
229.18277222156513,0.032488301306512174,0.06796053622506312,762.960434535719,0.061613431534250945,359.24874069906343,0.0005699125916519653,0.000569912499560598,4999.966633503769,5.239784911333373,0.0038287967603376195,0.4343393586931207,0.0,0.004022314778212945,0.004022314778212945,0.2987933055665361,0.17927598333992167,0.9862391646567386,0.9879815276367905,0.9930957479803941,4.0,28.0
1027.1259254138404,0.17740106661218355,0.2567781567903772,1067.5909197126182,0.016909097133646855,502.8929948489787,0.00018271718409213058,0.00018271714410018056,4999.971477485066,4.483042845993703,0.017159476593997157,0.37297344923724884,0.0,0.017325046284411432,0.017325046284411432,0.2948024861146766,0.17688149166880593,0.9417434998431666,0.9489201325951558,0.9704346963310652,6.0,28.0
1693.4443866445654,0.30175576099740986,0.41112504303041614,1360.809825715105,0.0054868102575028384,641.704167151899,6.354197552405617e-05,6.354195824358666e-05,4999.977053696426,3.606815007458693,0.028291194484410316,0.3002200921337808,0.0,0.028424402946760876,0.028424402946760876,0.29147267911597174,0.17488360746958304,0.9057890549641926,0.9171276658062832,0.9517295072467769,8.0,28.0
1027.1322362548665,0.18107266203737046,0.25186112397072624,1626.538353967999,0.006868187543316326,768.378553745568,6.63583298407457e-05,6.63583062293269e-05,4999.980980775657,2.98903177968,0.017159582024817356,0.24926273768366788,0.0,0.01726997424800173,0.01726997424800173,0.2948190077255995,0.17689140463535968,0.9419245304654307,0.9490796824830336,0.9705279648034005,10.0,28.0
229.7508595170423,0.03725093234873317,0.06095853370103265,1870.2684778432972,0.019871552370869273,885.1660763732044,0.00010907048133680484,0.00010907044028367959,4999.985349569062,2.2973875928564853,0.0038382873986409645,0.19131422596115902,0.0,0.003923135517558849,0.003923135517558849,0.29882305934473236,0.1792938356068394,0.9865767417736072,0.9882767060432424,0.9932656954579712,12.0,28.0
37.62493508485369,0.004824542555715303,0.012335264908373758,2105.9409348155227,0.029272627940344697,998.2602448448284,7.615937065645875e-05,7.615934181801671e-05,4999.9893071603665,1.6576938169636513,0.0006285735536069526,0.13729655781891018,0.0,0.0006897962234553139,0.0006897962234553139,0.2997930611329634,0.17987583667977805,0.9976298959742956,0.9979320384579057,0.9988142449796636,14.0,28.0
229.75085951706455,0.038186229786905855,0.05956452571952144,2339.547195590446,0.01607860669609962,1110.3888115911677,7.78936882065852e-05,7.789365864146954e-05,4999.988869931443,1.7439840920989729,0.0038382873986413223,0.1461983476963859,0.0,0.003902696978503869,0.003902696978503869,0.2988291909064488,0.1792975145438693,0.9866463193936977,0.9883375427534582,0.9933007195173563,16.0,28.0
1027.1322362936398,0.18423858607519408,0.24760099967319957,2571.1197717302675,0.004526781818223908,1221.6914124852274,3.478979570830501e-05,3.478978249912276e-05,4999.989401448339,1.6652858393411851,0.01715958202546514,0.1403955786473723,0.0,0.0172210850871897,0.0172210850871897,0.29483367447384307,0.17690020468430584,0.9420852589334212,0.9492213348687853,0.9706107659270121,18.0,28.0
1693.4444124356726,0.30742737752891114,0.4036562884509918,2789.808106478815,0.0015428400145852512,1327.4169998958043,1.4573466135511308e-05,1.4573460601244034e-05,4999.990787577391,1.4477808531405556,0.02829119491528469,0.12234640952087289,0.0,0.02834466498815192,0.02834466498815192,0.2914966005035544,0.17489796030213264,0.9060436105225999,0.9173534924637275,0.9518632309962393,20.0,28.0
1027.1322362936398,0.18513168293489418,0.2463840478800058,2981.274815757038,0.0021763055895501838,1421.037071974286,1.9992660464503913e-05,1.9992652870966423e-05,4999.991847827251,1.2807177232781073,0.01715958202546514,0.1085492126538623,0.0,0.017206882050076935,0.017206882050076935,0.29483793538497693,0.17690276123098614,0.9421319568429929,0.9492624896610237,0.970634821569365,22.0,28.0
229.75085951706455,0.0393865689212431,0.05778592924699372,3152.6976076667415,0.006452541129822473,1505.5409979215397,3.2184079485422986e-05,3.218406726101237e-05,4999.9932591151455,1.0529524628863376,0.0038382873986413223,0.08932572245977682,0.0,0.0038771754974817867,0.0038771754974817867,0.29883684735075544,0.17930210841045327,0.9867332057453337,0.9884135126934682,0.9933444547312548,24.0,28.0
37.62493508485369,0.00564315949644407,0.010810661609231767,3317.8338259119396,0.008841923671916656,1587.0437457530588,1.9359730612635287e-05,1.9359723259246587e-05,4999.99476356169,0.7977497450300776,0.0006285735536069526,0.06755862965967763,0.0,0.000658036394550071,0.000658036394550071,0.299802589081635,0.179881553448981,0.9977389279326788,0.9980271895671018,0.9988688241869794,26.0,28.0
229.75085951706455,0.03963842325047014,0.057419995048945786,3482.037340800547,0.004981158182671122,1667.9988867343745,2.2250831746042224e-05,2.2250823294515355e-05,4999.994137381809,0.9144672580665953,0.0038382873986413223,0.07808045598848923,0.0,0.003872060901597553,0.003872060901597553,0.2988383817295207,0.17930302903771245,0.9867506187743162,0.9884287378088343,0.9933532195419292,28.0,28.0
1027.1322362936398,0.18593478698407787,0.24529121684034405,3644.702035689374,0.0013929471224833078,1748.2316632871812,1.0423951114750064e-05,1.042394715542294e-05,4999.994073053262,0.9309191475428422,0.01715958202546514,0.07977882799422907,0.0,0.017193963136767063,0.017193963136767063,0.2948418110589699,0.17690508663538193,0.9421744342184696,0.9492999246027011,0.9706567025568151,30.0,28.0
1693.4444124356726,0.30885003928342963,0.4017527927033321,3794.797790262272,0.00047124401307970225,1822.8992527456603,5.230944546480611e-06,5.2309425596118315e-06,4999.994435601396,0.8742109229027635,0.02829119491528469,0.07507426286284097,0.0,0.02832348165374206,0.02832348165374206,0.29150295550387734,0.17490177330232642,0.906111245266243,0.9174134922252525,0.9518987578867003,32.0,28.0
1027.1322362936398,0.18616184706054448,0.24497688439349,3919.4710376308803,0.0006625512664178705,1886.1456441913863,6.1806633805245934e-06,6.180661032924081e-06,4999.994731991757,0.8273364850904023,0.01715958202546514,0.07119268009793249,0.0,0.017190137576774952,0.017190137576774952,0.29484295872696753,0.1769057752361805,0.9421870129330041,0.9493110100594805,0.9706631820219639,34.0,28.0
229.75085951706455,0.039955786207655955,0.05695153836018939,4027.2530219910464,0.001983273479903613,1941.5777031164384,9.704747670687925e-06,9.704743984534905e-06,4999.995281536419,0.7337130736274792,0.0038382873986413223,0.06321365379190476,0.0,0.0038653852093530738,0.0038653852093530738,0.2988403844371941,0.17930423066231643,0.9867733470226898,0.9884486102268865,0.9933646596405017,36.0,28.0
37.624935084853526,0.005903953793545976,0.010363544108652851,4131.567581332464,0.002740787272707884,1995.1679721185467,5.803650808780844e-06,5.803648604380923e-06,4999.996189740817,0.5707490257568311,0.0006285735536069496,0.04915429145518069,0.0,0.0006496527051442268,0.0006496527051442268,0.2998051041884567,0.17988306251307404,0.9977677107610423,0.998052307756294,0.9988832317949092,38.0,28.0
229.75085951706268,0.0400212608018249,0.05685629261044099,4237.0783995141155,0.0015677767717998863,2049.0615448135063,7.007948695527583e-06,7.007946033699351e-06,4999.995508919949,0.6974974338812726,0.003838287398641295,0.06027577524228368,0.0,0.003864047677576768,0.003864047677576768,0.29884078569672695,0.17930447141803618,0.986777900868227,0.9884525918670614,0.9933669517697008,40.0,28.0
1027.1322362936385,0.1863653378329426,0.2446972540205481,4342.543316303166,0.0004406342131454048,2102.7881305548744,3.5549861252088345e-06,3.5549847749189214e-06,4999.995321137422,0.734725348250561,0.01715958202546509,0.06357530396537109,0.0,0.01718671722194399,0.01718671722194399,0.2948439848334168,0.1769063909000501,0.9421982594110728,0.9493209214123989,0.9706689751975556,42.0,28.0
1693.4444124356726,0.3092104457640984,0.4012656235358315,4436.701159176274,0.0001569315067022757,2151.3983489478014,2.7650320076650114e-06,2.7650309574232676e-06,4999.995402840013,0.7215921369724836,0.02829119491528469,0.06249307163441778,0.0,0.02831784507028615,0.02831784507028615,0.29150464647891416,0.17490278788734848,0.9061292425471518,0.917429457747559,0.9519082111985124,44.0,28.0
1027.1322362936437,0.18642360743704722,0.24461615851695023,4507.8134626726915,0.00024487551098967427,2189.562199935974,2.8220280847816183e-06,2.8220270128910617e-06,4999.995494861391,0.7073864585487276,0.017159582025465202,0.061309567798353296,0.0,0.017185707530165618,0.017185707530165618,0.29484428774095034,0.1769065726445702,0.9422015794006896,0.9493238472657556,0.9706706853514685,46.0,28.0
229.75085951706566,0.04010387038582469,0.05673403527075991,4565.375348717202,0.000762409835904868,2221.348951253743,3.929024881230612e-06,3.929023388869608e-06,4999.99580578848,0.6500276619401124,0.0038382873986413444,0.05637320791561818,0.0,0.0038622945032899918,0.0038622945032899918,0.298841311649013,0.1793047869894078,0.9867838698606238,0.9884578108315419,0.9933699561898497,48.0,28.0
37.62493508485369,0.005975951838685461,0.010242735061218986,4622.424704090441,0.001108216522684785,2252.5638439518493,2.92110514653549e-06,2.9211040370125056e-06,4999.996543663491,0.5112296046274929,0.0006285735536069526,0.044332726251207974,0.0,0.0006474545079668756,0.0006474545079668756,0.2998057636476099,0.17988345818856596,0.9977752577010605,0.9980588937967078,0.9988870094765776,50.0,28.0
229.75085951706268,0.04012064925825334,0.05670958542893687,4682.989775612356,0.0006544217706827218,2285.063239660329,3.3178030405841087e-06,3.317801780383416e-06,4999.995863197781,0.6406766775160797,0.003838287398641295,0.055616066259964334,0.0,0.0038619491486615474,0.0038619491486615474,0.29884141525540153,0.1793048491532409,0.9867850456848389,0.9884588389080713,0.9933705480256796,52.0,28.0
1027.1322362936385,0.18647507015599596,0.24454530171887073,4745.267092387396,0.00018743519725422924,2318.1170551283503,2.5357815882722424e-06,2.5357806251066553e-06,4999.995645865865,0.6834241619361869,0.01715958202546509,0.059341775727318816,0.0,0.01718482254419324,0.01718482254419324,0.294844553236742,0.1769067319420452,0.9422044893496607,0.9493264117554591,0.9706721842876002,54.0,28.0
1693.4444124356726,0.30930147214265347,0.40114251452853805,4797.76026446487,7.488604669718852e-05,2346.6702010565728,2.3486366903318423e-06,2.348635798249477e-06,4999.995649684761,0.6820856525800124,0.02829119491528469,0.059240599325517285,0.0,0.02831638599960248,0.02831638599960248,0.2915050842001192,0.17490305052007155,0.9061339013181893,0.9174335905694782,0.9519106582648338,56.0,28.0
1027.1322362936437,0.18648863984326444,0.2445263166767651,4829.495854095826,0.00013980543961640324,2365.7707236726355,2.355461217252005e-06,2.3554603225774804e-06,4999.995687052742,0.6768198060577666,0.017159582025465202,0.058797332080944543,0.0,0.017184578629246355,0.017184578629246355,0.29484462641122605,0.17690677584673564,0.9422052913749173,0.9493271185667623,0.9706725974163056,58.0,28.0
229.75085951706566,0.0401400333159923,0.05668067331188585,4850.599163305252,0.0004582670244364374,2379.80643265487,2.603377383341591e-06,2.6033763945011018e-06,4999.995933218745,0.6292119755514957,0.0038382873986413444,0.054679274421204224,0.0,0.0038615257292966302,0.0038615257292966302,0.298841542281211,0.1793049253687266,0.9867864872964445,0.9884600993743029,0.9933712736416553,60.0,28.0
37.62493508485393,0.005993187993601569,0.010213791144578271,4873.751964051792,0.0007106020880327117,2394.42362812826,2.3758208685007194e-06,2.375819966092991e-06,4999.996626407144,0.49685608141677445,0.0006285735536069563,0.04317718062747318,0.0,0.000646923658749079,0.000646923658749079,0.2998059229023753,0.17988355374142517,0.9977770802406576,0.9980604842836693,0.9988879217613243,62.0,28.0
229.75085951706455,0.040142430881990605,0.05667696495707844,4902.466971200862,0.00043843237562668204,2411.2380402810672,2.4859136643766288e-06,2.4859127201523683e-06,4999.995943026964,0.6275611425412074,0.0038382873986413223,0.05455099653214064,0.0,0.0038614647600130596,0.0038614647600130596,0.29884156057199607,0.17930493634319764,0.9867866948780744,0.9884602808722855,0.9933713781250567,64.0,28.0
1027.1322362936398,0.18649600941445524,0.24451570461538147,4934.499116231931,0.00012925797676519618,2429.310625615737,2.278388611205194e-06,2.278387745805147e-06,4999.99571297967,0.6726099459590347,0.01715958202546514,0.05846285134004837,0.0,0.01718442314886005,0.01718442314886005,0.29484467305534195,0.17690680383320517,0.942205802615674,0.9493275691145476,0.9706728607598308,66.0,28.0
1693.4444124356726,0.3093148007650661,0.4011237492670556,4958.153946044579,5.981275881036919e-05,2443.4950586182567,2.2352384305486475e-06,2.235237581538328e-06,4999.99569213037,0.675171242630368,0.02829119491528469,0.0586889997845136,0.0,0.02831613063360352,0.02831613063360352,0.29150516080991895,0.17490309648595137,0.9061347166963853,0.917434313895683,0.9519110865497814,68.0,28.0
1027.1322362936398,0.18649285141913913,0.24451952073210745,4962.953404636173,0.00013214858208778526,2449.094021964017,2.2784042398765634e-06,2.2784033744705804e-06,4999.995708953798,0.6732645234422943,0.01715958202546514,0.05852847173558147,0.0,0.017184447324000682,0.017184447324000682,0.2948446658027998,0.17690679948167987,0.9422057231244948,0.9493274990603254,0.9706728198133987,70.0,28.0
229.75085951706455,0.040137898490608524,0.05668258798978832,4959.412724872804,0.00045043941238248923,2450.7007930964105,2.520729059133223e-06,2.5207281016850354e-06,4999.995936447257,0.628657036438919,0.0038382873986413223,0.054664071412172575,0.0,0.0038615052340436684,0.0038615052340436684,0.2988415484297869,0.17930492905787213,0.9867865570764633,0.988460160386122,0.9933713087644838,72.0,28.0
37.62493508485369,0.005989577491995933,0.010218706019507787,4959.933607242479,0.0007352336358607305,2453.830273479357,2.3753669249399203e-06,2.3753660227046128e-06,4999.996618808545,0.4980860605802576,0.0006285735536069526,0.04331178258916321,0.0,0.000646969084875104,0.000646969084875104,0.2998059092745375,0.17988354556472247,0.9977769242811816,0.998060348181564,0.9988878436947671,74.0,28.0
229.75085951706455,0.04013063955325731,0.05669220594523576,4967.655530953999,0.0004780374073770567,2459.9159227312166,2.6706747811402335e-06,2.670673766738182e-06,4999.995920550566,0.631320548196085,0.0038382873986413223,0.054901446587654695,0.0,0.0038616036040196424,0.0038616036040196424,0.29884151891879407,0.17930491135127646,0.9867862221570475,0.9884598675509598,0.9933711401873156,76.0,28.0
1027.1322362936398,0.18647101353166234,0.24454741634000876,4980.024134727118,0.00014668587012623424,2467.86500484566,2.3153673063589858e-06,2.3153664269133263e-06,4999.995666163145,0.680184560002606,0.01715958202546514,0.059141856465053565,0.0,0.01718470289780408,0.01718470289780408,0.29484458913065875,0.17690675347839527,0.9422048827630679,0.9493267584640585,0.970672386937564,78.0,28.0
1693.4444124356726,0.30927714624902103,0.40117120094658504,4985.205719311716,8.069189019924307e-05,2472.4617029044684,2.283416304485871e-06,2.2834154371761566e-06,4999.995621306478,0.6866791840694186,0.02829119491528469,0.05970786676851874,0.0,0.028316555649907583,0.028316555649907583,0.29150503330502775,0.17490301998301663,0.9061333596286836,0.9174331100338622,0.9519103737372986,80.0,28.0
1027.1322362936398,0.18644417630551846,0.24458234863899705,4973.027573077537,0.00020608050638820465,2469.1694635606914,2.5103944873921586e-06,2.5103935338693504e-06,4999.995608424465,0.6893931779816203,0.01715958202546514,0.05994801323433982,0.0,0.017185042994492937,0.017185042994492937,0.2948444871016521,0.17690669226099126,0.9422037644797725,0.9493257729397901,0.9706718109020023,82.0,28.0
229.75085951706455,0.04009208058776828,0.05674465272116874,4954.230109656513,0.0007231496502383693,2462.7040811175148,3.5421461271024707e-06,3.5421447816895734e-06,4999.9958231711225,0.6471446564305096,0.0038382873986413223,0.05628928347166048,0.0,0.0038621880268751583,0.0038621880268751583,0.2988413435919374,0.17930480615516248,0.9867842323793158,0.9884581277981256,0.9933701386589572,84.0,28.0
37.62493508485369,0.00595783162648542,0.010267394498763563,4941.018819495909,0.0012336400978382555,2458.4813314102125,2.9645166607469264e-06,2.9645155347349535e-06,4999.996505879661,0.5173608167751732,0.0006285735536069526,0.045005201916567185,0.0,0.0006476809485635929,0.0006476809485635929,0.2998056957154309,0.17988341742925854,0.9977744802739975,0.9980582153544465,0.9988866203298538,86.0,28.0
229.7508595170423,0.04005856779634614,0.05678899486853076,4936.28994858598,0.000855160975572451,2457.8065316609027,4.27570084168772e-06,4.275699217648832e-06,4999.995746116044,0.6595255750325258,0.0038382873986409645,0.05737397553310679,0.0,0.0038626452843515636,0.0038626452843515636,0.2988412064146945,0.1793047238488167,0.9867826755621876,0.9884567666019455,0.9933693550548998,88.0,28.0
1027.1322362548665,0.18634313035076044,0.2447114487852536,4937.296674510652,0.0002779148845479634,2459.4821830128294,2.7661417713253103e-06,2.7661407206620443e-06,4999.995405121818,0.721500735510903,0.017159582024817356,0.06275590042656759,0.0,0.01718622880414024,0.01718622880414024,0.2948441313587579,0.17690647881525476,0.9421998653872344,0.9493223367335327,0.9706698024494398,90.0,28.0
1693.4443866445654,0.30910086338200854,0.4013943941062385,4932.120880697405,0.00019113220870581728,2458.243135878726,2.680129893843144e-06,2.6801288758497585e-06,4999.995286236144,0.740116072121854,0.028291194484410316,0.06437807443242609,0.0,0.028318528773450483,0.028318528773450483,0.29150444136796483,0.1749026648207789,0.9061270595086631,0.9174275211606446,0.951907064533436,92.0,28.0
1027.1259254138404,0.18622432713740678,0.24486082662391292,4910.751412061256,0.0005596242921105812,2449.6419226108155,3.828456066469958e-06,3.828454612307994e-06,4999.995167259838,0.7588785164404347,0.017159476593997157,0.0660201672058656,0.0,0.01718750382580052,0.01718750382580052,0.29484374885225983,0.1769062493113559,0.9421956729678334,0.9493186420204331,0.970667642897317,94.0,28.0
229.18277222156513,0.03977890935771973,0.05688939568461571,4884.027595814414,0.00203303951155258,2438.455357161799,7.462840892073378e-06,7.462838057463504e-06,4999.995320620525,0.7264143516991313,0.0038287967603376195,0.0632221243470268,0.0,0.0038556250114730717,0.0038556250114730717,0.29884331249655804,0.17930598749793483,0.9868065775756929,0.9884776651811472,0.9933813857606216,96.0,28.0
18.812467542426845,0.0027097617925863687,0.00562993474427733,4864.042091191543,0.0040677429088840575,2430.035638120755,3.6940278779298176e-06,3.6940264748276946e-06,4999.99662349857,0.5114871946343819,0.0003142867768034763,0.04451254708664304,0.0,0.00033317724458969473,0.00033317724458969473,0.2999000468266231,0.17994002809597384,0.9988546904987932,0.9990008012504749,0.9994271811887013,98.0,28.0
0.5680872954985807,6.044728308923715e-05,0.00022563433015975961,4853.877827636506,0.005176093191317331,2425.7501936542335,2.6454354441302507e-06,2.645434439314854e-06,4999.999468751162,0.055687099913670574,9.490638303699073e-06,0.00457579088327192,0.0,1.1547298525230275e-05,1.1547298525230275e-05,0.2999965358104424,0.17999792148626545,0.9999602891536403,0.999965358504443,0.9999801443796973,100.0,28.0
